,Features.Entropy.Mean,Features.Entropy.StandardDeviation,Features.Entropy.Skew,Features.Entropy.Kurtosis,FeaturesLabels.SpearmanCorrelation.Mean,FeaturesLabels.SpearmanCorrelation.StandardDeviation,FeaturesLabels.SpearmanCorrelation.Skew,FeaturesLabels.SpearmanCorrelation.Kurtosis,Features.Mean.Mean,Features.Mean.StandardDeviation,Features.Mean.Skew,Features.Mean.Kurtosis,Features.StandardDeviation.Mean,Features.StandardDeviation.StandardDeviation,Features.StandardDeviation.Skew,Features.StandardDeviation.Kurtosis,Features.Skew.Mean,Features.Skew.StandardDeviation,Features.Skew.Skew,Features.Skew.Kurtosis,Features.Kurtosis.Mean,Features.Kurtosis.StandardDeviation,Features.Kurtosis.Skew,Features.Kurtosis.Kurtosis,Number of Examples,Number of Features,Number of Classes,Features.MutualInformation.Mean,Features.MutualInformation.StandardDeviation,Features.MutualInformation.Skew,Features.MutualInformation.Kurtosis,Features.SpearmanCorrelation.Mean,Features.SpearmanCorrelation.StandardDeviation,Features.SpearmanCorrelation.Skew,Features.SpearmanCorrelation.Kurtosis,FeaturesLabels.MutualInformation.Mean,FeaturesLabels.MutualInformation.StandardDeviation,FeaturesLabels.MutualInformation.Skew,FeaturesLabels.MutualInformation.Kurtosis,bootstrap,bootstrap_features,n_estimators,max_samples,max_features,pruning_method,pruning_cp,ds,Algorithm
0,6.310176200282141,0.09614078109142676,-1.3908880821095315e-14,-2.0,0.22130040539318702,0.7786995946068129,0.0,-2.0,1.0,0.0,0.0,-3.0,0.0,0.0,0.0,-3.0,0.0,0.0,0.0,-3.0,-3.0,0.0,0.0,-3.0,108,4,26,,,,,,,,,,,,,1,0,50,1.0,1.0,-1,0.25,-1,1
1,6.310176200282141,0.09614078109142676,-1.3908880821095315e-14,-2.0,0.22130040539318702,0.7786995946068129,0.0,-2.0,1.0,0.0,0.0,-3.0,0.0,0.0,0.0,-3.0,0.0,0.0,0.0,-3.0,-3.0,0.0,0.0,-3.0,108,4,26,,,,,,,,,,,,,1,0,50,1.0,1.0,-1,0.25,-1,2
2,6.310176200282141,0.09614078109142676,-1.3908880821095315e-14,-2.0,0.22130040539318702,0.7786995946068129,0.0,-2.0,1.0,0.0,0.0,-3.0,0.0,0.0,0.0,-3.0,0.0,0.0,0.0,-3.0,-3.0,0.0,0.0,-3.0,108,4,26,,,,,,,,,,,,,1,0,50,1.0,1.0,-1,0.25,-1,3
3,6.310176200282141,0.09614078109142676,-1.3908880821095315e-14,-2.0,0.22130040539318702,0.7786995946068129,0.0,-2.0,1.0,0.0,0.0,-3.0,0.0,0.0,0.0,-3.0,0.0,0.0,0.0,-3.0,-3.0,0.0,0.0,-3.0,108,4,26,,,,,,,,,,,,,1,0,50,1.0,1.0,-1,0.25,-1,4
4,6.310176200282141,0.09614078109142676,-1.3908880821095315e-14,-2.0,0.22130040539318702,0.7786995946068129,0.0,-2.0,1.0,0.0,0.0,-3.0,0.0,0.0,0.0,-3.0,0.0,0.0,0.0,-3.0,-3.0,0.0,0.0,-3.0,108,4,26,,,,,,,,,,,,,1,0,50,1.0,1.0,0,0.25,-1,1
5,6.310176200282141,0.09614078109142676,-1.3908880821095315e-14,-2.0,0.22130040539318702,0.7786995946068129,0.0,-2.0,1.0,0.0,0.0,-3.0,0.0,0.0,0.0,-3.0,0.0,0.0,0.0,-3.0,-3.0,0.0,0.0,-3.0,108,4,26,,,,,,,,,,,,,1,0,50,1.0,1.0,0,0.25,-1,2
6,6.310176200282141,0.09614078109142676,-1.3908880821095315e-14,-2.0,0.22130040539318702,0.7786995946068129,0.0,-2.0,1.0,0.0,0.0,-3.0,0.0,0.0,0.0,-3.0,0.0,0.0,0.0,-3.0,-3.0,0.0,0.0,-3.0,108,4,26,,,,,,,,,,,,,1,0,50,1.0,1.0,0,0.25,-1,3
7,6.310176200282141,0.09614078109142676,-1.3908880821095315e-14,-2.0,0.22130040539318702,0.7786995946068129,0.0,-2.0,1.0,0.0,0.0,-3.0,0.0,0.0,0.0,-3.0,0.0,0.0,0.0,-3.0,-3.0,0.0,0.0,-3.0,108,4,26,,,,,,,,,,,,,1,0,50,1.0,1.0,0,0.25,-1,4
8,6.310176200282141,0.09614078109142676,-1.3908880821095315e-14,-2.0,0.22130040539318702,0.7786995946068129,0.0,-2.0,1.0,0.0,0.0,-3.0,0.0,0.0,0.0,-3.0,0.0,0.0,0.0,-3.0,-3.0,0.0,0.0,-3.0,108,4,26,,,,,,,,,,,,,1,0,50,1.0,1.0,1,0.25,-1,1
9,6.310176200282141,0.09614078109142676,-1.3908880821095315e-14,-2.0,0.22130040539318702,0.7786995946068129,0.0,-2.0,1.0,0.0,0.0,-3.0,0.0,0.0,0.0,-3.0,0.0,0.0,0.0,-3.0,-3.0,0.0,0.0,-3.0,108,4,26,,,,,,,,,,,,,1,0,50,1.0,1.0,1,0.25,-1,2
10,6.310176200282141,0.09614078109142676,-1.3908880821095315e-14,-2.0,0.22130040539318702,0.7786995946068129,0.0,-2.0,1.0,0.0,0.0,-3.0,0.0,0.0,0.0,-3.0,0.0,0.0,0.0,-3.0,-3.0,0.0,0.0,-3.0,108,4,26,,,,,,,,,,,,,1,0,50,1.0,1.0,1,0.25,-1,3
11,6.310176200282141,0.09614078109142676,-1.3908880821095315e-14,-2.0,0.22130040539318702,0.7786995946068129,0.0,-2.0,1.0,0.0,0.0,-3.0,0.0,0.0,0.0,-3.0,0.0,0.0,0.0,-3.0,-3.0,0.0,0.0,-3.0,108,4,26,,,,,,,,,,,,,1,0,50,1.0,1.0,1,0.25,-1,4
12,6.310176200282141,0.09614078109142676,-1.3908880821095315e-14,-2.0,0.22130040539318702,0.7786995946068129,0.0,-2.0,1.0,0.0,0.0,-3.0,0.0,0.0,0.0,-3.0,0.0,0.0,0.0,-3.0,-3.0,0.0,0.0,-3.0,108,4,26,,,,,,,,,,,,,1,0,50,1.0,1.0,-1,0.5,-1,1
13,6.310176200282141,0.09614078109142676,-1.3908880821095315e-14,-2.0,0.22130040539318702,0.7786995946068129,0.0,-2.0,1.0,0.0,0.0,-3.0,0.0,0.0,0.0,-3.0,0.0,0.0,0.0,-3.0,-3.0,0.0,0.0,-3.0,108,4,26,,,,,,,,,,,,,1,0,50,1.0,1.0,-1,0.5,-1,2
14,6.310176200282141,0.09614078109142676,-1.3908880821095315e-14,-2.0,0.22130040539318702,0.7786995946068129,0.0,-2.0,1.0,0.0,0.0,-3.0,0.0,0.0,0.0,-3.0,0.0,0.0,0.0,-3.0,-3.0,0.0,0.0,-3.0,108,4,26,,,,,,,,,,,,,1,0,50,1.0,1.0,-1,0.5,-1,3
15,6.310176200282141,0.09614078109142676,-1.3908880821095315e-14,-2.0,0.22130040539318702,0.7786995946068129,0.0,-2.0,1.0,0.0,0.0,-3.0,0.0,0.0,0.0,-3.0,0.0,0.0,0.0,-3.0,-3.0,0.0,0.0,-3.0,108,4,26,,,,,,,,,,,,,1,0,50,1.0,1.0,-1,0.5,-1,4
16,6.310176200282141,0.09614078109142676,-1.3908880821095315e-14,-2.0,0.22130040539318702,0.7786995946068129,0.0,-2.0,1.0,0.0,0.0,-3.0,0.0,0.0,0.0,-3.0,0.0,0.0,0.0,-3.0,-3.0,0.0,0.0,-3.0,108,4,26,,,,,,,,,,,,,1,0,50,1.0,1.0,0,0.5,-1,1
17,6.310176200282141,0.09614078109142676,-1.3908880821095315e-14,-2.0,0.22130040539318702,0.7786995946068129,0.0,-2.0,1.0,0.0,0.0,-3.0,0.0,0.0,0.0,-3.0,0.0,0.0,0.0,-3.0,-3.0,0.0,0.0,-3.0,108,4,26,,,,,,,,,,,,,1,0,50,1.0,1.0,0,0.5,-1,2
18,6.310176200282141,0.09614078109142676,-1.3908880821095315e-14,-2.0,0.22130040539318702,0.7786995946068129,0.0,-2.0,1.0,0.0,0.0,-3.0,0.0,0.0,0.0,-3.0,0.0,0.0,0.0,-3.0,-3.0,0.0,0.0,-3.0,108,4,26,,,,,,,,,,,,,1,0,50,1.0,1.0,0,0.5,-1,3
19,6.310176200282141,0.09614078109142676,-1.3908880821095315e-14,-2.0,0.22130040539318702,0.7786995946068129,0.0,-2.0,1.0,0.0,0.0,-3.0,0.0,0.0,0.0,-3.0,0.0,0.0,0.0,-3.0,-3.0,0.0,0.0,-3.0,108,4,26,,,,,,,,,,,,,1,0,50,1.0,1.0,0,0.5,-1,4
20,6.310176200282141,0.09614078109142676,-1.3908880821095315e-14,-2.0,0.22130040539318702,0.7786995946068129,0.0,-2.0,1.0,0.0,0.0,-3.0,0.0,0.0,0.0,-3.0,0.0,0.0,0.0,-3.0,-3.0,0.0,0.0,-3.0,108,4,26,,,,,,,,,,,,,1,0,50,1.0,1.0,1,0.5,-1,1
21,6.310176200282141,0.09614078109142676,-1.3908880821095315e-14,-2.0,0.22130040539318702,0.7786995946068129,0.0,-2.0,1.0,0.0,0.0,-3.0,0.0,0.0,0.0,-3.0,0.0,0.0,0.0,-3.0,-3.0,0.0,0.0,-3.0,108,4,26,,,,,,,,,,,,,1,0,50,1.0,1.0,1,0.5,-1,2
22,6.310176200282141,0.09614078109142676,-1.3908880821095315e-14,-2.0,0.22130040539318702,0.7786995946068129,0.0,-2.0,1.0,0.0,0.0,-3.0,0.0,0.0,0.0,-3.0,0.0,0.0,0.0,-3.0,-3.0,0.0,0.0,-3.0,108,4,26,,,,,,,,,,,,,1,0,50,1.0,1.0,1,0.5,-1,3
23,6.310176200282141,0.09614078109142676,-1.3908880821095315e-14,-2.0,0.22130040539318702,0.7786995946068129,0.0,-2.0,1.0,0.0,0.0,-3.0,0.0,0.0,0.0,-3.0,0.0,0.0,0.0,-3.0,-3.0,0.0,0.0,-3.0,108,4,26,,,,,,,,,,,,,1,0,50,1.0,1.0,1,0.5,-1,4
24,6.310176200282141,0.09614078109142676,-1.3908880821095315e-14,-2.0,0.22130040539318702,0.7786995946068129,0.0,-2.0,1.0,0.0,0.0,-3.0,0.0,0.0,0.0,-3.0,0.0,0.0,0.0,-3.0,-3.0,0.0,0.0,-3.0,108,4,26,,,,,,,,,,,,,1,0,50,1.0,1.0,-1,0.75,-1,1
25,6.310176200282141,0.09614078109142676,-1.3908880821095315e-14,-2.0,0.22130040539318702,0.7786995946068129,0.0,-2.0,1.0,0.0,0.0,-3.0,0.0,0.0,0.0,-3.0,0.0,0.0,0.0,-3.0,-3.0,0.0,0.0,-3.0,108,4,26,,,,,,,,,,,,,1,0,50,1.0,1.0,-1,0.75,-1,2
26,6.310176200282141,0.09614078109142676,-1.3908880821095315e-14,-2.0,0.22130040539318702,0.7786995946068129,0.0,-2.0,1.0,0.0,0.0,-3.0,0.0,0.0,0.0,-3.0,0.0,0.0,0.0,-3.0,-3.0,0.0,0.0,-3.0,108,4,26,,,,,,,,,,,,,1,0,50,1.0,1.0,-1,0.75,-1,3
27,6.310176200282141,0.09614078109142676,-1.3908880821095315e-14,-2.0,0.22130040539318702,0.7786995946068129,0.0,-2.0,1.0,0.0,0.0,-3.0,0.0,0.0,0.0,-3.0,0.0,0.0,0.0,-3.0,-3.0,0.0,0.0,-3.0,108,4,26,,,,,,,,,,,,,1,0,50,1.0,1.0,-1,0.75,-1,4
28,6.310176200282141,0.09614078109142676,-1.3908880821095315e-14,-2.0,0.22130040539318702,0.7786995946068129,0.0,-2.0,1.0,0.0,0.0,-3.0,0.0,0.0,0.0,-3.0,0.0,0.0,0.0,-3.0,-3.0,0.0,0.0,-3.0,108,4,26,,,,,,,,,,,,,1,0,50,1.0,1.0,0,0.75,-1,1
29,6.310176200282141,0.09614078109142676,-1.3908880821095315e-14,-2.0,0.22130040539318702,0.7786995946068129,0.0,-2.0,1.0,0.0,0.0,-3.0,0.0,0.0,0.0,-3.0,0.0,0.0,0.0,-3.0,-3.0,0.0,0.0,-3.0,108,4,26,,,,,,,,,,,,,1,0,50,1.0,1.0,0,0.75,-1,2
30,6.310176200282141,0.09614078109142676,-1.3908880821095315e-14,-2.0,0.22130040539318702,0.7786995946068129,0.0,-2.0,1.0,0.0,0.0,-3.0,0.0,0.0,0.0,-3.0,0.0,0.0,0.0,-3.0,-3.0,0.0,0.0,-3.0,108,4,26,,,,,,,,,,,,,1,0,50,1.0,1.0,0,0.75,-1,3
31,6.310176200282141,0.09614078109142676,-1.3908880821095315e-14,-2.0,0.22130040539318702,0.7786995946068129,0.0,-2.0,1.0,0.0,0.0,-3.0,0.0,0.0,0.0,-3.0,0.0,0.0,0.0,-3.0,-3.0,0.0,0.0,-3.0,108,4,26,,,,,,,,,,,,,1,0,50,1.0,1.0,0,0.75,-1,4
32,6.310176200282141,0.09614078109142676,-1.3908880821095315e-14,-2.0,0.22130040539318702,0.7786995946068129,0.0,-2.0,1.0,0.0,0.0,-3.0,0.0,0.0,0.0,-3.0,0.0,0.0,0.0,-3.0,-3.0,0.0,0.0,-3.0,108,4,26,,,,,,,,,,,,,1,0,50,1.0,1.0,1,0.75,-1,1
33,6.310176200282141,0.09614078109142676,-1.3908880821095315e-14,-2.0,0.22130040539318702,0.7786995946068129,0.0,-2.0,1.0,0.0,0.0,-3.0,0.0,0.0,0.0,-3.0,0.0,0.0,0.0,-3.0,-3.0,0.0,0.0,-3.0,108,4,26,,,,,,,,,,,,,1,0,50,1.0,1.0,1,0.75,-1,2
34,6.310176200282141,0.09614078109142676,-1.3908880821095315e-14,-2.0,0.22130040539318702,0.7786995946068129,0.0,-2.0,1.0,0.0,0.0,-3.0,0.0,0.0,0.0,-3.0,0.0,0.0,0.0,-3.0,-3.0,0.0,0.0,-3.0,108,4,26,,,,,,,,,,,,,1,0,50,1.0,1.0,1,0.75,-1,3
35,6.310176200282141,0.09614078109142676,-1.3908880821095315e-14,-2.0,0.22130040539318702,0.7786995946068129,0.0,-2.0,1.0,0.0,0.0,-3.0,0.0,0.0,0.0,-3.0,0.0,0.0,0.0,-3.0,-3.0,0.0,0.0,-3.0,108,4,26,,,,,,,,,,,,,1,0,50,1.0,1.0,1,0.75,-1,4
36,6.310176200282141,0.09614078109142676,-1.3908880821095315e-14,-2.0,0.22130040539318702,0.7786995946068129,0.0,-2.0,1.0,0.0,0.0,-3.0,0.0,0.0,0.0,-3.0,0.0,0.0,0.0,-3.0,-3.0,0.0,0.0,-3.0,108,4,26,,,,,,,,,,,,,1,0,50,1.0,1.0,-1,0.25,0,1
37,6.310176200282141,0.09614078109142676,-1.3908880821095315e-14,-2.0,0.22130040539318702,0.7786995946068129,0.0,-2.0,1.0,0.0,0.0,-3.0,0.0,0.0,0.0,-3.0,0.0,0.0,0.0,-3.0,-3.0,0.0,0.0,-3.0,108,4,26,,,,,,,,,,,,,1,0,50,1.0,1.0,-1,0.25,0,2
38,6.310176200282141,0.09614078109142676,-1.3908880821095315e-14,-2.0,0.22130040539318702,0.7786995946068129,0.0,-2.0,1.0,0.0,0.0,-3.0,0.0,0.0,0.0,-3.0,0.0,0.0,0.0,-3.0,-3.0,0.0,0.0,-3.0,108,4,26,,,,,,,,,,,,,1,0,50,1.0,1.0,-1,0.25,0,3
39,6.310176200282141,0.09614078109142676,-1.3908880821095315e-14,-2.0,0.22130040539318702,0.7786995946068129,0.0,-2.0,1.0,0.0,0.0,-3.0,0.0,0.0,0.0,-3.0,0.0,0.0,0.0,-3.0,-3.0,0.0,0.0,-3.0,108,4,26,,,,,,,,,,,,,1,0,50,1.0,1.0,-1,0.25,0,4
40,6.310176200282141,0.09614078109142676,-1.3908880821095315e-14,-2.0,0.22130040539318702,0.7786995946068129,0.0,-2.0,1.0,0.0,0.0,-3.0,0.0,0.0,0.0,-3.0,0.0,0.0,0.0,-3.0,-3.0,0.0,0.0,-3.0,108,4,26,,,,,,,,,,,,,1,0,50,1.0,1.0,0,0.25,0,1
41,6.310176200282141,0.09614078109142676,-1.3908880821095315e-14,-2.0,0.22130040539318702,0.7786995946068129,0.0,-2.0,1.0,0.0,0.0,-3.0,0.0,0.0,0.0,-3.0,0.0,0.0,0.0,-3.0,-3.0,0.0,0.0,-3.0,108,4,26,,,,,,,,,,,,,1,0,50,1.0,1.0,0,0.25,0,2
42,6.310176200282141,0.09614078109142676,-1.3908880821095315e-14,-2.0,0.22130040539318702,0.7786995946068129,0.0,-2.0,1.0,0.0,0.0,-3.0,0.0,0.0,0.0,-3.0,0.0,0.0,0.0,-3.0,-3.0,0.0,0.0,-3.0,108,4,26,,,,,,,,,,,,,1,0,50,1.0,1.0,0,0.25,0,3
43,6.310176200282141,0.09614078109142676,-1.3908880821095315e-14,-2.0,0.22130040539318702,0.7786995946068129,0.0,-2.0,1.0,0.0,0.0,-3.0,0.0,0.0,0.0,-3.0,0.0,0.0,0.0,-3.0,-3.0,0.0,0.0,-3.0,108,4,26,,,,,,,,,,,,,1,0,50,1.0,1.0,0,0.25,0,4
44,6.310176200282141,0.09614078109142676,-1.3908880821095315e-14,-2.0,0.22130040539318702,0.7786995946068129,0.0,-2.0,1.0,0.0,0.0,-3.0,0.0,0.0,0.0,-3.0,0.0,0.0,0.0,-3.0,-3.0,0.0,0.0,-3.0,108,4,26,,,,,,,,,,,,,1,0,50,1.0,1.0,1,0.25,0,1
45,6.310176200282141,0.09614078109142676,-1.3908880821095315e-14,-2.0,0.22130040539318702,0.7786995946068129,0.0,-2.0,1.0,0.0,0.0,-3.0,0.0,0.0,0.0,-3.0,0.0,0.0,0.0,-3.0,-3.0,0.0,0.0,-3.0,108,4,26,,,,,,,,,,,,,1,0,50,1.0,1.0,1,0.25,0,2
46,6.310176200282141,0.09614078109142676,-1.3908880821095315e-14,-2.0,0.22130040539318702,0.7786995946068129,0.0,-2.0,1.0,0.0,0.0,-3.0,0.0,0.0,0.0,-3.0,0.0,0.0,0.0,-3.0,-3.0,0.0,0.0,-3.0,108,4,26,,,,,,,,,,,,,1,0,50,1.0,1.0,1,0.25,0,3
47,6.310176200282141,0.09614078109142676,-1.3908880821095315e-14,-2.0,0.22130040539318702,0.7786995946068129,0.0,-2.0,1.0,0.0,0.0,-3.0,0.0,0.0,0.0,-3.0,0.0,0.0,0.0,-3.0,-3.0,0.0,0.0,-3.0,108,4,26,,,,,,,,,,,,,1,0,50,1.0,1.0,1,0.25,0,4
48,6.310176200282141,0.09614078109142676,-1.3908880821095315e-14,-2.0,0.22130040539318702,0.7786995946068129,0.0,-2.0,1.0,0.0,0.0,-3.0,0.0,0.0,0.0,-3.0,0.0,0.0,0.0,-3.0,-3.0,0.0,0.0,-3.0,108,4,26,,,,,,,,,,,,,1,0,50,1.0,1.0,-1,0.5,0,1
49,6.310176200282141,0.09614078109142676,-1.3908880821095315e-14,-2.0,0.22130040539318702,0.7786995946068129,0.0,-2.0,1.0,0.0,0.0,-3.0,0.0,0.0,0.0,-3.0,0.0,0.0,0.0,-3.0,-3.0,0.0,0.0,-3.0,108,4,26,,,,,,,,,,,,,1,0,50,1.0,1.0,-1,0.5,0,2
50,6.310176200282141,0.09614078109142676,-1.3908880821095315e-14,-2.0,0.22130040539318702,0.7786995946068129,0.0,-2.0,1.0,0.0,0.0,-3.0,0.0,0.0,0.0,-3.0,0.0,0.0,0.0,-3.0,-3.0,0.0,0.0,-3.0,108,4,26,,,,,,,,,,,,,1,0,50,1.0,1.0,-1,0.5,0,3
51,6.310176200282141,0.09614078109142676,-1.3908880821095315e-14,-2.0,0.22130040539318702,0.7786995946068129,0.0,-2.0,1.0,0.0,0.0,-3.0,0.0,0.0,0.0,-3.0,0.0,0.0,0.0,-3.0,-3.0,0.0,0.0,-3.0,108,4,26,,,,,,,,,,,,,1,0,50,1.0,1.0,-1,0.5,0,4
52,6.310176200282141,0.09614078109142676,-1.3908880821095315e-14,-2.0,0.22130040539318702,0.7786995946068129,0.0,-2.0,1.0,0.0,0.0,-3.0,0.0,0.0,0.0,-3.0,0.0,0.0,0.0,-3.0,-3.0,0.0,0.0,-3.0,108,4,26,,,,,,,,,,,,,1,0,50,1.0,1.0,0,0.5,0,1
53,6.310176200282141,0.09614078109142676,-1.3908880821095315e-14,-2.0,0.22130040539318702,0.7786995946068129,0.0,-2.0,1.0,0.0,0.0,-3.0,0.0,0.0,0.0,-3.0,0.0,0.0,0.0,-3.0,-3.0,0.0,0.0,-3.0,108,4,26,,,,,,,,,,,,,1,0,50,1.0,1.0,0,0.5,0,2
54,6.310176200282141,0.09614078109142676,-1.3908880821095315e-14,-2.0,0.22130040539318702,0.7786995946068129,0.0,-2.0,1.0,0.0,0.0,-3.0,0.0,0.0,0.0,-3.0,0.0,0.0,0.0,-3.0,-3.0,0.0,0.0,-3.0,108,4,26,,,,,,,,,,,,,1,0,50,1.0,1.0,0,0.5,0,3
55,6.310176200282141,0.09614078109142676,-1.3908880821095315e-14,-2.0,0.22130040539318702,0.7786995946068129,0.0,-2.0,1.0,0.0,0.0,-3.0,0.0,0.0,0.0,-3.0,0.0,0.0,0.0,-3.0,-3.0,0.0,0.0,-3.0,108,4,26,,,,,,,,,,,,,1,0,50,1.0,1.0,0,0.5,0,4
56,6.310176200282141,0.09614078109142676,-1.3908880821095315e-14,-2.0,0.22130040539318702,0.7786995946068129,0.0,-2.0,1.0,0.0,0.0,-3.0,0.0,0.0,0.0,-3.0,0.0,0.0,0.0,-3.0,-3.0,0.0,0.0,-3.0,108,4,26,,,,,,,,,,,,,1,0,50,1.0,1.0,1,0.5,0,1
57,6.310176200282141,0.09614078109142676,-1.3908880821095315e-14,-2.0,0.22130040539318702,0.7786995946068129,0.0,-2.0,1.0,0.0,0.0,-3.0,0.0,0.0,0.0,-3.0,0.0,0.0,0.0,-3.0,-3.0,0.0,0.0,-3.0,108,4,26,,,,,,,,,,,,,1,0,50,1.0,1.0,1,0.5,0,2
58,6.310176200282141,0.09614078109142676,-1.3908880821095315e-14,-2.0,0.22130040539318702,0.7786995946068129,0.0,-2.0,1.0,0.0,0.0,-3.0,0.0,0.0,0.0,-3.0,0.0,0.0,0.0,-3.0,-3.0,0.0,0.0,-3.0,108,4,26,,,,,,,,,,,,,1,0,50,1.0,1.0,1,0.5,0,3
59,6.310176200282141,0.09614078109142676,-1.3908880821095315e-14,-2.0,0.22130040539318702,0.7786995946068129,0.0,-2.0,1.0,0.0,0.0,-3.0,0.0,0.0,0.0,-3.0,0.0,0.0,0.0,-3.0,-3.0,0.0,0.0,-3.0,108,4,26,,,,,,,,,,,,,1,0,50,1.0,1.0,1,0.5,0,4
60,6.310176200282141,0.09614078109142676,-1.3908880821095315e-14,-2.0,0.22130040539318702,0.7786995946068129,0.0,-2.0,1.0,0.0,0.0,-3.0,0.0,0.0,0.0,-3.0,0.0,0.0,0.0,-3.0,-3.0,0.0,0.0,-3.0,108,4,26,,,,,,,,,,,,,1,0,50,1.0,1.0,-1,0.75,0,1
61,6.310176200282141,0.09614078109142676,-1.3908880821095315e-14,-2.0,0.22130040539318702,0.7786995946068129,0.0,-2.0,1.0,0.0,0.0,-3.0,0.0,0.0,0.0,-3.0,0.0,0.0,0.0,-3.0,-3.0,0.0,0.0,-3.0,108,4,26,,,,,,,,,,,,,1,0,50,1.0,1.0,-1,0.75,0,2
62,6.310176200282141,0.09614078109142676,-1.3908880821095315e-14,-2.0,0.22130040539318702,0.7786995946068129,0.0,-2.0,1.0,0.0,0.0,-3.0,0.0,0.0,0.0,-3.0,0.0,0.0,0.0,-3.0,-3.0,0.0,0.0,-3.0,108,4,26,,,,,,,,,,,,,1,0,50,1.0,1.0,-1,0.75,0,3
63,6.310176200282141,0.09614078109142676,-1.3908880821095315e-14,-2.0,0.22130040539318702,0.7786995946068129,0.0,-2.0,1.0,0.0,0.0,-3.0,0.0,0.0,0.0,-3.0,0.0,0.0,0.0,-3.0,-3.0,0.0,0.0,-3.0,108,4,26,,,,,,,,,,,,,1,0,50,1.0,1.0,-1,0.75,0,4
64,6.310176200282141,0.09614078109142676,-1.3908880821095315e-14,-2.0,0.22130040539318702,0.7786995946068129,0.0,-2.0,1.0,0.0,0.0,-3.0,0.0,0.0,0.0,-3.0,0.0,0.0,0.0,-3.0,-3.0,0.0,0.0,-3.0,108,4,26,,,,,,,,,,,,,1,0,50,1.0,1.0,0,0.75,0,1
65,6.310176200282141,0.09614078109142676,-1.3908880821095315e-14,-2.0,0.22130040539318702,0.7786995946068129,0.0,-2.0,1.0,0.0,0.0,-3.0,0.0,0.0,0.0,-3.0,0.0,0.0,0.0,-3.0,-3.0,0.0,0.0,-3.0,108,4,26,,,,,,,,,,,,,1,0,50,1.0,1.0,0,0.75,0,2
66,6.310176200282141,0.09614078109142676,-1.3908880821095315e-14,-2.0,0.22130040539318702,0.7786995946068129,0.0,-2.0,1.0,0.0,0.0,-3.0,0.0,0.0,0.0,-3.0,0.0,0.0,0.0,-3.0,-3.0,0.0,0.0,-3.0,108,4,26,,,,,,,,,,,,,1,0,50,1.0,1.0,0,0.75,0,3
67,6.310176200282141,0.09614078109142676,-1.3908880821095315e-14,-2.0,0.22130040539318702,0.7786995946068129,0.0,-2.0,1.0,0.0,0.0,-3.0,0.0,0.0,0.0,-3.0,0.0,0.0,0.0,-3.0,-3.0,0.0,0.0,-3.0,108,4,26,,,,,,,,,,,,,1,0,50,1.0,1.0,0,0.75,0,4
68,6.310176200282141,0.09614078109142676,-1.3908880821095315e-14,-2.0,0.22130040539318702,0.7786995946068129,0.0,-2.0,1.0,0.0,0.0,-3.0,0.0,0.0,0.0,-3.0,0.0,0.0,0.0,-3.0,-3.0,0.0,0.0,-3.0,108,4,26,,,,,,,,,,,,,1,0,50,1.0,1.0,1,0.75,0,1
69,6.310176200282141,0.09614078109142676,-1.3908880821095315e-14,-2.0,0.22130040539318702,0.7786995946068129,0.0,-2.0,1.0,0.0,0.0,-3.0,0.0,0.0,0.0,-3.0,0.0,0.0,0.0,-3.0,-3.0,0.0,0.0,-3.0,108,4,26,,,,,,,,,,,,,1,0,50,1.0,1.0,1,0.75,0,2
70,6.310176200282141,0.09614078109142676,-1.3908880821095315e-14,-2.0,0.22130040539318702,0.7786995946068129,0.0,-2.0,1.0,0.0,0.0,-3.0,0.0,0.0,0.0,-3.0,0.0,0.0,0.0,-3.0,-3.0,0.0,0.0,-3.0,108,4,26,,,,,,,,,,,,,1,0,50,1.0,1.0,1,0.75,0,3
71,6.310176200282141,0.09614078109142676,-1.3908880821095315e-14,-2.0,0.22130040539318702,0.7786995946068129,0.0,-2.0,1.0,0.0,0.0,-3.0,0.0,0.0,0.0,-3.0,0.0,0.0,0.0,-3.0,-3.0,0.0,0.0,-3.0,108,4,26,,,,,,,,,,,,,1,0,50,1.0,1.0,1,0.75,0,4
72,6.310176200282141,0.09614078109142676,-1.3908880821095315e-14,-2.0,0.22130040539318702,0.7786995946068129,0.0,-2.0,1.0,0.0,0.0,-3.0,0.0,0.0,0.0,-3.0,0.0,0.0,0.0,-3.0,-3.0,0.0,0.0,-3.0,108,4,26,,,,,,,,,,,,,1,0,100,1.0,1.0,-1,0.25,-1,1
73,6.310176200282141,0.09614078109142676,-1.3908880821095315e-14,-2.0,0.22130040539318702,0.7786995946068129,0.0,-2.0,1.0,0.0,0.0,-3.0,0.0,0.0,0.0,-3.0,0.0,0.0,0.0,-3.0,-3.0,0.0,0.0,-3.0,108,4,26,,,,,,,,,,,,,1,0,100,1.0,1.0,-1,0.25,-1,2
74,6.310176200282141,0.09614078109142676,-1.3908880821095315e-14,-2.0,0.22130040539318702,0.7786995946068129,0.0,-2.0,1.0,0.0,0.0,-3.0,0.0,0.0,0.0,-3.0,0.0,0.0,0.0,-3.0,-3.0,0.0,0.0,-3.0,108,4,26,,,,,,,,,,,,,1,0,100,1.0,1.0,-1,0.25,-1,3
75,6.310176200282141,0.09614078109142676,-1.3908880821095315e-14,-2.0,0.22130040539318702,0.7786995946068129,0.0,-2.0,1.0,0.0,0.0,-3.0,0.0,0.0,0.0,-3.0,0.0,0.0,0.0,-3.0,-3.0,0.0,0.0,-3.0,108,4,26,,,,,,,,,,,,,1,0,100,1.0,1.0,-1,0.25,-1,4
76,6.310176200282141,0.09614078109142676,-1.3908880821095315e-14,-2.0,0.22130040539318702,0.7786995946068129,0.0,-2.0,1.0,0.0,0.0,-3.0,0.0,0.0,0.0,-3.0,0.0,0.0,0.0,-3.0,-3.0,0.0,0.0,-3.0,108,4,26,,,,,,,,,,,,,1,0,100,1.0,1.0,0,0.25,-1,1
77,6.310176200282141,0.09614078109142676,-1.3908880821095315e-14,-2.0,0.22130040539318702,0.7786995946068129,0.0,-2.0,1.0,0.0,0.0,-3.0,0.0,0.0,0.0,-3.0,0.0,0.0,0.0,-3.0,-3.0,0.0,0.0,-3.0,108,4,26,,,,,,,,,,,,,1,0,100,1.0,1.0,0,0.25,-1,2
78,6.310176200282141,0.09614078109142676,-1.3908880821095315e-14,-2.0,0.22130040539318702,0.7786995946068129,0.0,-2.0,1.0,0.0,0.0,-3.0,0.0,0.0,0.0,-3.0,0.0,0.0,0.0,-3.0,-3.0,0.0,0.0,-3.0,108,4,26,,,,,,,,,,,,,1,0,100,1.0,1.0,0,0.25,-1,3
79,6.310176200282141,0.09614078109142676,-1.3908880821095315e-14,-2.0,0.22130040539318702,0.7786995946068129,0.0,-2.0,1.0,0.0,0.0,-3.0,0.0,0.0,0.0,-3.0,0.0,0.0,0.0,-3.0,-3.0,0.0,0.0,-3.0,108,4,26,,,,,,,,,,,,,1,0,100,1.0,1.0,0,0.25,-1,4
80,6.310176200282141,0.09614078109142676,-1.3908880821095315e-14,-2.0,0.22130040539318702,0.7786995946068129,0.0,-2.0,1.0,0.0,0.0,-3.0,0.0,0.0,0.0,-3.0,0.0,0.0,0.0,-3.0,-3.0,0.0,0.0,-3.0,108,4,26,,,,,,,,,,,,,1,0,100,1.0,1.0,1,0.25,-1,1
81,6.310176200282141,0.09614078109142676,-1.3908880821095315e-14,-2.0,0.22130040539318702,0.7786995946068129,0.0,-2.0,1.0,0.0,0.0,-3.0,0.0,0.0,0.0,-3.0,0.0,0.0,0.0,-3.0,-3.0,0.0,0.0,-3.0,108,4,26,,,,,,,,,,,,,1,0,100,1.0,1.0,1,0.25,-1,2
82,6.310176200282141,0.09614078109142676,-1.3908880821095315e-14,-2.0,0.22130040539318702,0.7786995946068129,0.0,-2.0,1.0,0.0,0.0,-3.0,0.0,0.0,0.0,-3.0,0.0,0.0,0.0,-3.0,-3.0,0.0,0.0,-3.0,108,4,26,,,,,,,,,,,,,1,0,100,1.0,1.0,1,0.25,-1,3
83,6.310176200282141,0.09614078109142676,-1.3908880821095315e-14,-2.0,0.22130040539318702,0.7786995946068129,0.0,-2.0,1.0,0.0,0.0,-3.0,0.0,0.0,0.0,-3.0,0.0,0.0,0.0,-3.0,-3.0,0.0,0.0,-3.0,108,4,26,,,,,,,,,,,,,1,0,100,1.0,1.0,1,0.25,-1,4
84,6.310176200282141,0.09614078109142676,-1.3908880821095315e-14,-2.0,0.22130040539318702,0.7786995946068129,0.0,-2.0,1.0,0.0,0.0,-3.0,0.0,0.0,0.0,-3.0,0.0,0.0,0.0,-3.0,-3.0,0.0,0.0,-3.0,108,4,26,,,,,,,,,,,,,1,0,100,1.0,1.0,-1,0.5,-1,1
85,6.310176200282141,0.09614078109142676,-1.3908880821095315e-14,-2.0,0.22130040539318702,0.7786995946068129,0.0,-2.0,1.0,0.0,0.0,-3.0,0.0,0.0,0.0,-3.0,0.0,0.0,0.0,-3.0,-3.0,0.0,0.0,-3.0,108,4,26,,,,,,,,,,,,,1,0,100,1.0,1.0,-1,0.5,-1,2
86,6.310176200282141,0.09614078109142676,-1.3908880821095315e-14,-2.0,0.22130040539318702,0.7786995946068129,0.0,-2.0,1.0,0.0,0.0,-3.0,0.0,0.0,0.0,-3.0,0.0,0.0,0.0,-3.0,-3.0,0.0,0.0,-3.0,108,4,26,,,,,,,,,,,,,1,0,100,1.0,1.0,-1,0.5,-1,3
87,6.310176200282141,0.09614078109142676,-1.3908880821095315e-14,-2.0,0.22130040539318702,0.7786995946068129,0.0,-2.0,1.0,0.0,0.0,-3.0,0.0,0.0,0.0,-3.0,0.0,0.0,0.0,-3.0,-3.0,0.0,0.0,-3.0,108,4,26,,,,,,,,,,,,,1,0,100,1.0,1.0,-1,0.5,-1,4
88,6.310176200282141,0.09614078109142676,-1.3908880821095315e-14,-2.0,0.22130040539318702,0.7786995946068129,0.0,-2.0,1.0,0.0,0.0,-3.0,0.0,0.0,0.0,-3.0,0.0,0.0,0.0,-3.0,-3.0,0.0,0.0,-3.0,108,4,26,,,,,,,,,,,,,1,0,100,1.0,1.0,0,0.5,-1,1
89,6.310176200282141,0.09614078109142676,-1.3908880821095315e-14,-2.0,0.22130040539318702,0.7786995946068129,0.0,-2.0,1.0,0.0,0.0,-3.0,0.0,0.0,0.0,-3.0,0.0,0.0,0.0,-3.0,-3.0,0.0,0.0,-3.0,108,4,26,,,,,,,,,,,,,1,0,100,1.0,1.0,0,0.5,-1,2
90,6.310176200282141,0.09614078109142676,-1.3908880821095315e-14,-2.0,0.22130040539318702,0.7786995946068129,0.0,-2.0,1.0,0.0,0.0,-3.0,0.0,0.0,0.0,-3.0,0.0,0.0,0.0,-3.0,-3.0,0.0,0.0,-3.0,108,4,26,,,,,,,,,,,,,1,0,100,1.0,1.0,0,0.5,-1,3
91,6.310176200282141,0.09614078109142676,-1.3908880821095315e-14,-2.0,0.22130040539318702,0.7786995946068129,0.0,-2.0,1.0,0.0,0.0,-3.0,0.0,0.0,0.0,-3.0,0.0,0.0,0.0,-3.0,-3.0,0.0,0.0,-3.0,108,4,26,,,,,,,,,,,,,1,0,100,1.0,1.0,0,0.5,-1,4
92,6.310176200282141,0.09614078109142676,-1.3908880821095315e-14,-2.0,0.22130040539318702,0.7786995946068129,0.0,-2.0,1.0,0.0,0.0,-3.0,0.0,0.0,0.0,-3.0,0.0,0.0,0.0,-3.0,-3.0,0.0,0.0,-3.0,108,4,26,,,,,,,,,,,,,1,0,100,1.0,1.0,1,0.5,-1,1
93,6.310176200282141,0.09614078109142676,-1.3908880821095315e-14,-2.0,0.22130040539318702,0.7786995946068129,0.0,-2.0,1.0,0.0,0.0,-3.0,0.0,0.0,0.0,-3.0,0.0,0.0,0.0,-3.0,-3.0,0.0,0.0,-3.0,108,4,26,,,,,,,,,,,,,1,0,100,1.0,1.0,1,0.5,-1,2
94,6.310176200282141,0.09614078109142676,-1.3908880821095315e-14,-2.0,0.22130040539318702,0.7786995946068129,0.0,-2.0,1.0,0.0,0.0,-3.0,0.0,0.0,0.0,-3.0,0.0,0.0,0.0,-3.0,-3.0,0.0,0.0,-3.0,108,4,26,,,,,,,,,,,,,1,0,100,1.0,1.0,1,0.5,-1,3
95,6.310176200282141,0.09614078109142676,-1.3908880821095315e-14,-2.0,0.22130040539318702,0.7786995946068129,0.0,-2.0,1.0,0.0,0.0,-3.0,0.0,0.0,0.0,-3.0,0.0,0.0,0.0,-3.0,-3.0,0.0,0.0,-3.0,108,4,26,,,,,,,,,,,,,1,0,100,1.0,1.0,1,0.5,-1,4
96,6.310176200282141,0.09614078109142676,-1.3908880821095315e-14,-2.0,0.22130040539318702,0.7786995946068129,0.0,-2.0,1.0,0.0,0.0,-3.0,0.0,0.0,0.0,-3.0,0.0,0.0,0.0,-3.0,-3.0,0.0,0.0,-3.0,108,4,26,,,,,,,,,,,,,1,0,100,1.0,1.0,-1,0.75,-1,1
97,6.310176200282141,0.09614078109142676,-1.3908880821095315e-14,-2.0,0.22130040539318702,0.7786995946068129,0.0,-2.0,1.0,0.0,0.0,-3.0,0.0,0.0,0.0,-3.0,0.0,0.0,0.0,-3.0,-3.0,0.0,0.0,-3.0,108,4,26,,,,,,,,,,,,,1,0,100,1.0,1.0,-1,0.75,-1,2
98,6.310176200282141,0.09614078109142676,-1.3908880821095315e-14,-2.0,0.22130040539318702,0.7786995946068129,0.0,-2.0,1.0,0.0,0.0,-3.0,0.0,0.0,0.0,-3.0,0.0,0.0,0.0,-3.0,-3.0,0.0,0.0,-3.0,108,4,26,,,,,,,,,,,,,1,0,100,1.0,1.0,-1,0.75,-1,3
99,6.310176200282141,0.09614078109142676,-1.3908880821095315e-14,-2.0,0.22130040539318702,0.7786995946068129,0.0,-2.0,1.0,0.0,0.0,-3.0,0.0,0.0,0.0,-3.0,0.0,0.0,0.0,-3.0,-3.0,0.0,0.0,-3.0,108,4,26,,,,,,,,,,,,,1,0,100,1.0,1.0,-1,0.75,-1,4
100,6.310176200282141,0.09614078109142676,-1.3908880821095315e-14,-2.0,0.22130040539318702,0.7786995946068129,0.0,-2.0,1.0,0.0,0.0,-3.0,0.0,0.0,0.0,-3.0,0.0,0.0,0.0,-3.0,-3.0,0.0,0.0,-3.0,108,4,26,,,,,,,,,,,,,1,0,100,1.0,1.0,0,0.75,-1,1
101,6.310176200282141,0.09614078109142676,-1.3908880821095315e-14,-2.0,0.22130040539318702,0.7786995946068129,0.0,-2.0,1.0,0.0,0.0,-3.0,0.0,0.0,0.0,-3.0,0.0,0.0,0.0,-3.0,-3.0,0.0,0.0,-3.0,108,4,26,,,,,,,,,,,,,1,0,100,1.0,1.0,0,0.75,-1,2
102,6.310176200282141,0.09614078109142676,-1.3908880821095315e-14,-2.0,0.22130040539318702,0.7786995946068129,0.0,-2.0,1.0,0.0,0.0,-3.0,0.0,0.0,0.0,-3.0,0.0,0.0,0.0,-3.0,-3.0,0.0,0.0,-3.0,108,4,26,,,,,,,,,,,,,1,0,100,1.0,1.0,0,0.75,-1,3
103,6.310176200282141,0.09614078109142676,-1.3908880821095315e-14,-2.0,0.22130040539318702,0.7786995946068129,0.0,-2.0,1.0,0.0,0.0,-3.0,0.0,0.0,0.0,-3.0,0.0,0.0,0.0,-3.0,-3.0,0.0,0.0,-3.0,108,4,26,,,,,,,,,,,,,1,0,100,1.0,1.0,0,0.75,-1,4
104,6.310176200282141,0.09614078109142676,-1.3908880821095315e-14,-2.0,0.22130040539318702,0.7786995946068129,0.0,-2.0,1.0,0.0,0.0,-3.0,0.0,0.0,0.0,-3.0,0.0,0.0,0.0,-3.0,-3.0,0.0,0.0,-3.0,108,4,26,,,,,,,,,,,,,1,0,100,1.0,1.0,1,0.75,-1,1
105,6.310176200282141,0.09614078109142676,-1.3908880821095315e-14,-2.0,0.22130040539318702,0.7786995946068129,0.0,-2.0,1.0,0.0,0.0,-3.0,0.0,0.0,0.0,-3.0,0.0,0.0,0.0,-3.0,-3.0,0.0,0.0,-3.0,108,4,26,,,,,,,,,,,,,1,0,100,1.0,1.0,1,0.75,-1,2
106,6.310176200282141,0.09614078109142676,-1.3908880821095315e-14,-2.0,0.22130040539318702,0.7786995946068129,0.0,-2.0,1.0,0.0,0.0,-3.0,0.0,0.0,0.0,-3.0,0.0,0.0,0.0,-3.0,-3.0,0.0,0.0,-3.0,108,4,26,,,,,,,,,,,,,1,0,100,1.0,1.0,1,0.75,-1,3
107,6.310176200282141,0.09614078109142676,-1.3908880821095315e-14,-2.0,0.22130040539318702,0.7786995946068129,0.0,-2.0,1.0,0.0,0.0,-3.0,0.0,0.0,0.0,-3.0,0.0,0.0,0.0,-3.0,-3.0,0.0,0.0,-3.0,108,4,26,,,,,,,,,,,,,1,0,100,1.0,1.0,1,0.75,-1,4
108,6.310176200282141,0.09614078109142676,-1.3908880821095315e-14,-2.0,0.22130040539318702,0.7786995946068129,0.0,-2.0,1.0,0.0,0.0,-3.0,0.0,0.0,0.0,-3.0,0.0,0.0,0.0,-3.0,-3.0,0.0,0.0,-3.0,108,4,26,,,,,,,,,,,,,1,0,100,1.0,1.0,-1,0.25,0,1
109,6.310176200282141,0.09614078109142676,-1.3908880821095315e-14,-2.0,0.22130040539318702,0.7786995946068129,0.0,-2.0,1.0,0.0,0.0,-3.0,0.0,0.0,0.0,-3.0,0.0,0.0,0.0,-3.0,-3.0,0.0,0.0,-3.0,108,4,26,,,,,,,,,,,,,1,0,100,1.0,1.0,-1,0.25,0,2
110,6.310176200282141,0.09614078109142676,-1.3908880821095315e-14,-2.0,0.22130040539318702,0.7786995946068129,0.0,-2.0,1.0,0.0,0.0,-3.0,0.0,0.0,0.0,-3.0,0.0,0.0,0.0,-3.0,-3.0,0.0,0.0,-3.0,108,4,26,,,,,,,,,,,,,1,0,100,1.0,1.0,-1,0.25,0,3
111,6.310176200282141,0.09614078109142676,-1.3908880821095315e-14,-2.0,0.22130040539318702,0.7786995946068129,0.0,-2.0,1.0,0.0,0.0,-3.0,0.0,0.0,0.0,-3.0,0.0,0.0,0.0,-3.0,-3.0,0.0,0.0,-3.0,108,4,26,,,,,,,,,,,,,1,0,100,1.0,1.0,-1,0.25,0,4
112,6.310176200282141,0.09614078109142676,-1.3908880821095315e-14,-2.0,0.22130040539318702,0.7786995946068129,0.0,-2.0,1.0,0.0,0.0,-3.0,0.0,0.0,0.0,-3.0,0.0,0.0,0.0,-3.0,-3.0,0.0,0.0,-3.0,108,4,26,,,,,,,,,,,,,1,0,100,1.0,1.0,0,0.25,0,1
113,6.310176200282141,0.09614078109142676,-1.3908880821095315e-14,-2.0,0.22130040539318702,0.7786995946068129,0.0,-2.0,1.0,0.0,0.0,-3.0,0.0,0.0,0.0,-3.0,0.0,0.0,0.0,-3.0,-3.0,0.0,0.0,-3.0,108,4,26,,,,,,,,,,,,,1,0,100,1.0,1.0,0,0.25,0,2
114,6.310176200282141,0.09614078109142676,-1.3908880821095315e-14,-2.0,0.22130040539318702,0.7786995946068129,0.0,-2.0,1.0,0.0,0.0,-3.0,0.0,0.0,0.0,-3.0,0.0,0.0,0.0,-3.0,-3.0,0.0,0.0,-3.0,108,4,26,,,,,,,,,,,,,1,0,100,1.0,1.0,0,0.25,0,3
115,6.310176200282141,0.09614078109142676,-1.3908880821095315e-14,-2.0,0.22130040539318702,0.7786995946068129,0.0,-2.0,1.0,0.0,0.0,-3.0,0.0,0.0,0.0,-3.0,0.0,0.0,0.0,-3.0,-3.0,0.0,0.0,-3.0,108,4,26,,,,,,,,,,,,,1,0,100,1.0,1.0,0,0.25,0,4
116,6.310176200282141,0.09614078109142676,-1.3908880821095315e-14,-2.0,0.22130040539318702,0.7786995946068129,0.0,-2.0,1.0,0.0,0.0,-3.0,0.0,0.0,0.0,-3.0,0.0,0.0,0.0,-3.0,-3.0,0.0,0.0,-3.0,108,4,26,,,,,,,,,,,,,1,0,100,1.0,1.0,1,0.25,0,1
117,6.310176200282141,0.09614078109142676,-1.3908880821095315e-14,-2.0,0.22130040539318702,0.7786995946068129,0.0,-2.0,1.0,0.0,0.0,-3.0,0.0,0.0,0.0,-3.0,0.0,0.0,0.0,-3.0,-3.0,0.0,0.0,-3.0,108,4,26,,,,,,,,,,,,,1,0,100,1.0,1.0,1,0.25,0,2
118,6.310176200282141,0.09614078109142676,-1.3908880821095315e-14,-2.0,0.22130040539318702,0.7786995946068129,0.0,-2.0,1.0,0.0,0.0,-3.0,0.0,0.0,0.0,-3.0,0.0,0.0,0.0,-3.0,-3.0,0.0,0.0,-3.0,108,4,26,,,,,,,,,,,,,1,0,100,1.0,1.0,1,0.25,0,3
119,6.310176200282141,0.09614078109142676,-1.3908880821095315e-14,-2.0,0.22130040539318702,0.7786995946068129,0.0,-2.0,1.0,0.0,0.0,-3.0,0.0,0.0,0.0,-3.0,0.0,0.0,0.0,-3.0,-3.0,0.0,0.0,-3.0,108,4,26,,,,,,,,,,,,,1,0,100,1.0,1.0,1,0.25,0,4
120,6.310176200282141,0.09614078109142676,-1.3908880821095315e-14,-2.0,0.22130040539318702,0.7786995946068129,0.0,-2.0,1.0,0.0,0.0,-3.0,0.0,0.0,0.0,-3.0,0.0,0.0,0.0,-3.0,-3.0,0.0,0.0,-3.0,108,4,26,,,,,,,,,,,,,1,0,100,1.0,1.0,-1,0.5,0,1
121,6.310176200282141,0.09614078109142676,-1.3908880821095315e-14,-2.0,0.22130040539318702,0.7786995946068129,0.0,-2.0,1.0,0.0,0.0,-3.0,0.0,0.0,0.0,-3.0,0.0,0.0,0.0,-3.0,-3.0,0.0,0.0,-3.0,108,4,26,,,,,,,,,,,,,1,0,100,1.0,1.0,-1,0.5,0,2
122,6.310176200282141,0.09614078109142676,-1.3908880821095315e-14,-2.0,0.22130040539318702,0.7786995946068129,0.0,-2.0,1.0,0.0,0.0,-3.0,0.0,0.0,0.0,-3.0,0.0,0.0,0.0,-3.0,-3.0,0.0,0.0,-3.0,108,4,26,,,,,,,,,,,,,1,0,100,1.0,1.0,-1,0.5,0,3
123,6.310176200282141,0.09614078109142676,-1.3908880821095315e-14,-2.0,0.22130040539318702,0.7786995946068129,0.0,-2.0,1.0,0.0,0.0,-3.0,0.0,0.0,0.0,-3.0,0.0,0.0,0.0,-3.0,-3.0,0.0,0.0,-3.0,108,4,26,,,,,,,,,,,,,1,0,100,1.0,1.0,-1,0.5,0,4
124,6.310176200282141,0.09614078109142676,-1.3908880821095315e-14,-2.0,0.22130040539318702,0.7786995946068129,0.0,-2.0,1.0,0.0,0.0,-3.0,0.0,0.0,0.0,-3.0,0.0,0.0,0.0,-3.0,-3.0,0.0,0.0,-3.0,108,4,26,,,,,,,,,,,,,1,0,100,1.0,1.0,0,0.5,0,1
125,6.310176200282141,0.09614078109142676,-1.3908880821095315e-14,-2.0,0.22130040539318702,0.7786995946068129,0.0,-2.0,1.0,0.0,0.0,-3.0,0.0,0.0,0.0,-3.0,0.0,0.0,0.0,-3.0,-3.0,0.0,0.0,-3.0,108,4,26,,,,,,,,,,,,,1,0,100,1.0,1.0,0,0.5,0,2
126,6.310176200282141,0.09614078109142676,-1.3908880821095315e-14,-2.0,0.22130040539318702,0.7786995946068129,0.0,-2.0,1.0,0.0,0.0,-3.0,0.0,0.0,0.0,-3.0,0.0,0.0,0.0,-3.0,-3.0,0.0,0.0,-3.0,108,4,26,,,,,,,,,,,,,1,0,100,1.0,1.0,0,0.5,0,3
127,6.310176200282141,0.09614078109142676,-1.3908880821095315e-14,-2.0,0.22130040539318702,0.7786995946068129,0.0,-2.0,1.0,0.0,0.0,-3.0,0.0,0.0,0.0,-3.0,0.0,0.0,0.0,-3.0,-3.0,0.0,0.0,-3.0,108,4,26,,,,,,,,,,,,,1,0,100,1.0,1.0,0,0.5,0,4
128,6.310176200282141,0.09614078109142676,-1.3908880821095315e-14,-2.0,0.22130040539318702,0.7786995946068129,0.0,-2.0,1.0,0.0,0.0,-3.0,0.0,0.0,0.0,-3.0,0.0,0.0,0.0,-3.0,-3.0,0.0,0.0,-3.0,108,4,26,,,,,,,,,,,,,1,0,100,1.0,1.0,1,0.5,0,1
129,6.310176200282141,0.09614078109142676,-1.3908880821095315e-14,-2.0,0.22130040539318702,0.7786995946068129,0.0,-2.0,1.0,0.0,0.0,-3.0,0.0,0.0,0.0,-3.0,0.0,0.0,0.0,-3.0,-3.0,0.0,0.0,-3.0,108,4,26,,,,,,,,,,,,,1,0,100,1.0,1.0,1,0.5,0,2
130,6.310176200282141,0.09614078109142676,-1.3908880821095315e-14,-2.0,0.22130040539318702,0.7786995946068129,0.0,-2.0,1.0,0.0,0.0,-3.0,0.0,0.0,0.0,-3.0,0.0,0.0,0.0,-3.0,-3.0,0.0,0.0,-3.0,108,4,26,,,,,,,,,,,,,1,0,100,1.0,1.0,1,0.5,0,3
131,6.310176200282141,0.09614078109142676,-1.3908880821095315e-14,-2.0,0.22130040539318702,0.7786995946068129,0.0,-2.0,1.0,0.0,0.0,-3.0,0.0,0.0,0.0,-3.0,0.0,0.0,0.0,-3.0,-3.0,0.0,0.0,-3.0,108,4,26,,,,,,,,,,,,,1,0,100,1.0,1.0,1,0.5,0,4
132,6.310176200282141,0.09614078109142676,-1.3908880821095315e-14,-2.0,0.22130040539318702,0.7786995946068129,0.0,-2.0,1.0,0.0,0.0,-3.0,0.0,0.0,0.0,-3.0,0.0,0.0,0.0,-3.0,-3.0,0.0,0.0,-3.0,108,4,26,,,,,,,,,,,,,1,0,100,1.0,1.0,-1,0.75,0,1
133,6.310176200282141,0.09614078109142676,-1.3908880821095315e-14,-2.0,0.22130040539318702,0.7786995946068129,0.0,-2.0,1.0,0.0,0.0,-3.0,0.0,0.0,0.0,-3.0,0.0,0.0,0.0,-3.0,-3.0,0.0,0.0,-3.0,108,4,26,,,,,,,,,,,,,1,0,100,1.0,1.0,-1,0.75,0,2
134,6.310176200282141,0.09614078109142676,-1.3908880821095315e-14,-2.0,0.22130040539318702,0.7786995946068129,0.0,-2.0,1.0,0.0,0.0,-3.0,0.0,0.0,0.0,-3.0,0.0,0.0,0.0,-3.0,-3.0,0.0,0.0,-3.0,108,4,26,,,,,,,,,,,,,1,0,100,1.0,1.0,-1,0.75,0,3
135,6.310176200282141,0.09614078109142676,-1.3908880821095315e-14,-2.0,0.22130040539318702,0.7786995946068129,0.0,-2.0,1.0,0.0,0.0,-3.0,0.0,0.0,0.0,-3.0,0.0,0.0,0.0,-3.0,-3.0,0.0,0.0,-3.0,108,4,26,,,,,,,,,,,,,1,0,100,1.0,1.0,-1,0.75,0,4
136,6.310176200282141,0.09614078109142676,-1.3908880821095315e-14,-2.0,0.22130040539318702,0.7786995946068129,0.0,-2.0,1.0,0.0,0.0,-3.0,0.0,0.0,0.0,-3.0,0.0,0.0,0.0,-3.0,-3.0,0.0,0.0,-3.0,108,4,26,,,,,,,,,,,,,1,0,100,1.0,1.0,0,0.75,0,1
137,6.310176200282141,0.09614078109142676,-1.3908880821095315e-14,-2.0,0.22130040539318702,0.7786995946068129,0.0,-2.0,1.0,0.0,0.0,-3.0,0.0,0.0,0.0,-3.0,0.0,0.0,0.0,-3.0,-3.0,0.0,0.0,-3.0,108,4,26,,,,,,,,,,,,,1,0,100,1.0,1.0,0,0.75,0,2
138,6.310176200282141,0.09614078109142676,-1.3908880821095315e-14,-2.0,0.22130040539318702,0.7786995946068129,0.0,-2.0,1.0,0.0,0.0,-3.0,0.0,0.0,0.0,-3.0,0.0,0.0,0.0,-3.0,-3.0,0.0,0.0,-3.0,108,4,26,,,,,,,,,,,,,1,0,100,1.0,1.0,0,0.75,0,3
139,6.310176200282141,0.09614078109142676,-1.3908880821095315e-14,-2.0,0.22130040539318702,0.7786995946068129,0.0,-2.0,1.0,0.0,0.0,-3.0,0.0,0.0,0.0,-3.0,0.0,0.0,0.0,-3.0,-3.0,0.0,0.0,-3.0,108,4,26,,,,,,,,,,,,,1,0,100,1.0,1.0,0,0.75,0,4
140,6.310176200282141,0.09614078109142676,-1.3908880821095315e-14,-2.0,0.22130040539318702,0.7786995946068129,0.0,-2.0,1.0,0.0,0.0,-3.0,0.0,0.0,0.0,-3.0,0.0,0.0,0.0,-3.0,-3.0,0.0,0.0,-3.0,108,4,26,,,,,,,,,,,,,1,0,100,1.0,1.0,1,0.75,0,1
141,6.310176200282141,0.09614078109142676,-1.3908880821095315e-14,-2.0,0.22130040539318702,0.7786995946068129,0.0,-2.0,1.0,0.0,0.0,-3.0,0.0,0.0,0.0,-3.0,0.0,0.0,0.0,-3.0,-3.0,0.0,0.0,-3.0,108,4,26,,,,,,,,,,,,,1,0,100,1.0,1.0,1,0.75,0,2
142,6.310176200282141,0.09614078109142676,-1.3908880821095315e-14,-2.0,0.22130040539318702,0.7786995946068129,0.0,-2.0,1.0,0.0,0.0,-3.0,0.0,0.0,0.0,-3.0,0.0,0.0,0.0,-3.0,-3.0,0.0,0.0,-3.0,108,4,26,,,,,,,,,,,,,1,0,100,1.0,1.0,1,0.75,0,3
143,6.310176200282141,0.09614078109142676,-1.3908880821095315e-14,-2.0,0.22130040539318702,0.7786995946068129,0.0,-2.0,1.0,0.0,0.0,-3.0,0.0,0.0,0.0,-3.0,0.0,0.0,0.0,-3.0,-3.0,0.0,0.0,-3.0,108,4,26,,,,,,,,,,,,,1,0,100,1.0,1.0,1,0.75,0,4
144,6.310176200282141,0.09614078109142676,-1.3908880821095315e-14,-2.0,0.22130040539318702,0.7786995946068129,0.0,-2.0,1.0,0.0,0.0,-3.0,0.0,0.0,0.0,-3.0,0.0,0.0,0.0,-3.0,-3.0,0.0,0.0,-3.0,108,4,26,,,,,,,,,,,,,1,0,200,1.0,1.0,-1,0.25,-1,1
145,6.310176200282141,0.09614078109142676,-1.3908880821095315e-14,-2.0,0.22130040539318702,0.7786995946068129,0.0,-2.0,1.0,0.0,0.0,-3.0,0.0,0.0,0.0,-3.0,0.0,0.0,0.0,-3.0,-3.0,0.0,0.0,-3.0,108,4,26,,,,,,,,,,,,,1,0,200,1.0,1.0,-1,0.25,-1,2
146,6.310176200282141,0.09614078109142676,-1.3908880821095315e-14,-2.0,0.22130040539318702,0.7786995946068129,0.0,-2.0,1.0,0.0,0.0,-3.0,0.0,0.0,0.0,-3.0,0.0,0.0,0.0,-3.0,-3.0,0.0,0.0,-3.0,108,4,26,,,,,,,,,,,,,1,0,200,1.0,1.0,-1,0.25,-1,3
147,6.310176200282141,0.09614078109142676,-1.3908880821095315e-14,-2.0,0.22130040539318702,0.7786995946068129,0.0,-2.0,1.0,0.0,0.0,-3.0,0.0,0.0,0.0,-3.0,0.0,0.0,0.0,-3.0,-3.0,0.0,0.0,-3.0,108,4,26,,,,,,,,,,,,,1,0,200,1.0,1.0,-1,0.25,-1,4
148,6.310176200282141,0.09614078109142676,-1.3908880821095315e-14,-2.0,0.22130040539318702,0.7786995946068129,0.0,-2.0,1.0,0.0,0.0,-3.0,0.0,0.0,0.0,-3.0,0.0,0.0,0.0,-3.0,-3.0,0.0,0.0,-3.0,108,4,26,,,,,,,,,,,,,1,0,200,1.0,1.0,0,0.25,-1,1
149,6.310176200282141,0.09614078109142676,-1.3908880821095315e-14,-2.0,0.22130040539318702,0.7786995946068129,0.0,-2.0,1.0,0.0,0.0,-3.0,0.0,0.0,0.0,-3.0,0.0,0.0,0.0,-3.0,-3.0,0.0,0.0,-3.0,108,4,26,,,,,,,,,,,,,1,0,200,1.0,1.0,0,0.25,-1,2
150,6.310176200282141,0.09614078109142676,-1.3908880821095315e-14,-2.0,0.22130040539318702,0.7786995946068129,0.0,-2.0,1.0,0.0,0.0,-3.0,0.0,0.0,0.0,-3.0,0.0,0.0,0.0,-3.0,-3.0,0.0,0.0,-3.0,108,4,26,,,,,,,,,,,,,1,0,200,1.0,1.0,0,0.25,-1,3
151,6.310176200282141,0.09614078109142676,-1.3908880821095315e-14,-2.0,0.22130040539318702,0.7786995946068129,0.0,-2.0,1.0,0.0,0.0,-3.0,0.0,0.0,0.0,-3.0,0.0,0.0,0.0,-3.0,-3.0,0.0,0.0,-3.0,108,4,26,,,,,,,,,,,,,1,0,200,1.0,1.0,0,0.25,-1,4
152,6.310176200282141,0.09614078109142676,-1.3908880821095315e-14,-2.0,0.22130040539318702,0.7786995946068129,0.0,-2.0,1.0,0.0,0.0,-3.0,0.0,0.0,0.0,-3.0,0.0,0.0,0.0,-3.0,-3.0,0.0,0.0,-3.0,108,4,26,,,,,,,,,,,,,1,0,200,1.0,1.0,1,0.25,-1,1
153,6.310176200282141,0.09614078109142676,-1.3908880821095315e-14,-2.0,0.22130040539318702,0.7786995946068129,0.0,-2.0,1.0,0.0,0.0,-3.0,0.0,0.0,0.0,-3.0,0.0,0.0,0.0,-3.0,-3.0,0.0,0.0,-3.0,108,4,26,,,,,,,,,,,,,1,0,200,1.0,1.0,1,0.25,-1,2
154,6.310176200282141,0.09614078109142676,-1.3908880821095315e-14,-2.0,0.22130040539318702,0.7786995946068129,0.0,-2.0,1.0,0.0,0.0,-3.0,0.0,0.0,0.0,-3.0,0.0,0.0,0.0,-3.0,-3.0,0.0,0.0,-3.0,108,4,26,,,,,,,,,,,,,1,0,200,1.0,1.0,1,0.25,-1,3
155,6.310176200282141,0.09614078109142676,-1.3908880821095315e-14,-2.0,0.22130040539318702,0.7786995946068129,0.0,-2.0,1.0,0.0,0.0,-3.0,0.0,0.0,0.0,-3.0,0.0,0.0,0.0,-3.0,-3.0,0.0,0.0,-3.0,108,4,26,,,,,,,,,,,,,1,0,200,1.0,1.0,1,0.25,-1,4
156,6.310176200282141,0.09614078109142676,-1.3908880821095315e-14,-2.0,0.22130040539318702,0.7786995946068129,0.0,-2.0,1.0,0.0,0.0,-3.0,0.0,0.0,0.0,-3.0,0.0,0.0,0.0,-3.0,-3.0,0.0,0.0,-3.0,108,4,26,,,,,,,,,,,,,1,0,200,1.0,1.0,-1,0.5,-1,1
157,6.310176200282141,0.09614078109142676,-1.3908880821095315e-14,-2.0,0.22130040539318702,0.7786995946068129,0.0,-2.0,1.0,0.0,0.0,-3.0,0.0,0.0,0.0,-3.0,0.0,0.0,0.0,-3.0,-3.0,0.0,0.0,-3.0,108,4,26,,,,,,,,,,,,,1,0,200,1.0,1.0,-1,0.5,-1,2
158,6.310176200282141,0.09614078109142676,-1.3908880821095315e-14,-2.0,0.22130040539318702,0.7786995946068129,0.0,-2.0,1.0,0.0,0.0,-3.0,0.0,0.0,0.0,-3.0,0.0,0.0,0.0,-3.0,-3.0,0.0,0.0,-3.0,108,4,26,,,,,,,,,,,,,1,0,200,1.0,1.0,-1,0.5,-1,3
159,6.310176200282141,0.09614078109142676,-1.3908880821095315e-14,-2.0,0.22130040539318702,0.7786995946068129,0.0,-2.0,1.0,0.0,0.0,-3.0,0.0,0.0,0.0,-3.0,0.0,0.0,0.0,-3.0,-3.0,0.0,0.0,-3.0,108,4,26,,,,,,,,,,,,,1,0,200,1.0,1.0,-1,0.5,-1,4
160,6.310176200282141,0.09614078109142676,-1.3908880821095315e-14,-2.0,0.22130040539318702,0.7786995946068129,0.0,-2.0,1.0,0.0,0.0,-3.0,0.0,0.0,0.0,-3.0,0.0,0.0,0.0,-3.0,-3.0,0.0,0.0,-3.0,108,4,26,,,,,,,,,,,,,1,0,200,1.0,1.0,0,0.5,-1,1
161,6.310176200282141,0.09614078109142676,-1.3908880821095315e-14,-2.0,0.22130040539318702,0.7786995946068129,0.0,-2.0,1.0,0.0,0.0,-3.0,0.0,0.0,0.0,-3.0,0.0,0.0,0.0,-3.0,-3.0,0.0,0.0,-3.0,108,4,26,,,,,,,,,,,,,1,0,200,1.0,1.0,0,0.5,-1,2
162,6.310176200282141,0.09614078109142676,-1.3908880821095315e-14,-2.0,0.22130040539318702,0.7786995946068129,0.0,-2.0,1.0,0.0,0.0,-3.0,0.0,0.0,0.0,-3.0,0.0,0.0,0.0,-3.0,-3.0,0.0,0.0,-3.0,108,4,26,,,,,,,,,,,,,1,0,200,1.0,1.0,0,0.5,-1,3
163,6.310176200282141,0.09614078109142676,-1.3908880821095315e-14,-2.0,0.22130040539318702,0.7786995946068129,0.0,-2.0,1.0,0.0,0.0,-3.0,0.0,0.0,0.0,-3.0,0.0,0.0,0.0,-3.0,-3.0,0.0,0.0,-3.0,108,4,26,,,,,,,,,,,,,1,0,200,1.0,1.0,0,0.5,-1,4
164,6.310176200282141,0.09614078109142676,-1.3908880821095315e-14,-2.0,0.22130040539318702,0.7786995946068129,0.0,-2.0,1.0,0.0,0.0,-3.0,0.0,0.0,0.0,-3.0,0.0,0.0,0.0,-3.0,-3.0,0.0,0.0,-3.0,108,4,26,,,,,,,,,,,,,1,0,200,1.0,1.0,1,0.5,-1,1
165,6.310176200282141,0.09614078109142676,-1.3908880821095315e-14,-2.0,0.22130040539318702,0.7786995946068129,0.0,-2.0,1.0,0.0,0.0,-3.0,0.0,0.0,0.0,-3.0,0.0,0.0,0.0,-3.0,-3.0,0.0,0.0,-3.0,108,4,26,,,,,,,,,,,,,1,0,200,1.0,1.0,1,0.5,-1,2
166,6.310176200282141,0.09614078109142676,-1.3908880821095315e-14,-2.0,0.22130040539318702,0.7786995946068129,0.0,-2.0,1.0,0.0,0.0,-3.0,0.0,0.0,0.0,-3.0,0.0,0.0,0.0,-3.0,-3.0,0.0,0.0,-3.0,108,4,26,,,,,,,,,,,,,1,0,200,1.0,1.0,1,0.5,-1,3
167,6.310176200282141,0.09614078109142676,-1.3908880821095315e-14,-2.0,0.22130040539318702,0.7786995946068129,0.0,-2.0,1.0,0.0,0.0,-3.0,0.0,0.0,0.0,-3.0,0.0,0.0,0.0,-3.0,-3.0,0.0,0.0,-3.0,108,4,26,,,,,,,,,,,,,1,0,200,1.0,1.0,1,0.5,-1,4
168,6.310176200282141,0.09614078109142676,-1.3908880821095315e-14,-2.0,0.22130040539318702,0.7786995946068129,0.0,-2.0,1.0,0.0,0.0,-3.0,0.0,0.0,0.0,-3.0,0.0,0.0,0.0,-3.0,-3.0,0.0,0.0,-3.0,108,4,26,,,,,,,,,,,,,1,0,200,1.0,1.0,-1,0.75,-1,1
169,6.310176200282141,0.09614078109142676,-1.3908880821095315e-14,-2.0,0.22130040539318702,0.7786995946068129,0.0,-2.0,1.0,0.0,0.0,-3.0,0.0,0.0,0.0,-3.0,0.0,0.0,0.0,-3.0,-3.0,0.0,0.0,-3.0,108,4,26,,,,,,,,,,,,,1,0,200,1.0,1.0,-1,0.75,-1,2
170,6.310176200282141,0.09614078109142676,-1.3908880821095315e-14,-2.0,0.22130040539318702,0.7786995946068129,0.0,-2.0,1.0,0.0,0.0,-3.0,0.0,0.0,0.0,-3.0,0.0,0.0,0.0,-3.0,-3.0,0.0,0.0,-3.0,108,4,26,,,,,,,,,,,,,1,0,200,1.0,1.0,-1,0.75,-1,3
171,6.310176200282141,0.09614078109142676,-1.3908880821095315e-14,-2.0,0.22130040539318702,0.7786995946068129,0.0,-2.0,1.0,0.0,0.0,-3.0,0.0,0.0,0.0,-3.0,0.0,0.0,0.0,-3.0,-3.0,0.0,0.0,-3.0,108,4,26,,,,,,,,,,,,,1,0,200,1.0,1.0,-1,0.75,-1,4
172,6.310176200282141,0.09614078109142676,-1.3908880821095315e-14,-2.0,0.22130040539318702,0.7786995946068129,0.0,-2.0,1.0,0.0,0.0,-3.0,0.0,0.0,0.0,-3.0,0.0,0.0,0.0,-3.0,-3.0,0.0,0.0,-3.0,108,4,26,,,,,,,,,,,,,1,0,200,1.0,1.0,0,0.75,-1,1
173,6.310176200282141,0.09614078109142676,-1.3908880821095315e-14,-2.0,0.22130040539318702,0.7786995946068129,0.0,-2.0,1.0,0.0,0.0,-3.0,0.0,0.0,0.0,-3.0,0.0,0.0,0.0,-3.0,-3.0,0.0,0.0,-3.0,108,4,26,,,,,,,,,,,,,1,0,200,1.0,1.0,0,0.75,-1,2
174,6.310176200282141,0.09614078109142676,-1.3908880821095315e-14,-2.0,0.22130040539318702,0.7786995946068129,0.0,-2.0,1.0,0.0,0.0,-3.0,0.0,0.0,0.0,-3.0,0.0,0.0,0.0,-3.0,-3.0,0.0,0.0,-3.0,108,4,26,,,,,,,,,,,,,1,0,200,1.0,1.0,0,0.75,-1,3
175,6.310176200282141,0.09614078109142676,-1.3908880821095315e-14,-2.0,0.22130040539318702,0.7786995946068129,0.0,-2.0,1.0,0.0,0.0,-3.0,0.0,0.0,0.0,-3.0,0.0,0.0,0.0,-3.0,-3.0,0.0,0.0,-3.0,108,4,26,,,,,,,,,,,,,1,0,200,1.0,1.0,0,0.75,-1,4
176,6.310176200282141,0.09614078109142676,-1.3908880821095315e-14,-2.0,0.22130040539318702,0.7786995946068129,0.0,-2.0,1.0,0.0,0.0,-3.0,0.0,0.0,0.0,-3.0,0.0,0.0,0.0,-3.0,-3.0,0.0,0.0,-3.0,108,4,26,,,,,,,,,,,,,1,0,200,1.0,1.0,1,0.75,-1,1
177,6.310176200282141,0.09614078109142676,-1.3908880821095315e-14,-2.0,0.22130040539318702,0.7786995946068129,0.0,-2.0,1.0,0.0,0.0,-3.0,0.0,0.0,0.0,-3.0,0.0,0.0,0.0,-3.0,-3.0,0.0,0.0,-3.0,108,4,26,,,,,,,,,,,,,1,0,200,1.0,1.0,1,0.75,-1,2
178,6.310176200282141,0.09614078109142676,-1.3908880821095315e-14,-2.0,0.22130040539318702,0.7786995946068129,0.0,-2.0,1.0,0.0,0.0,-3.0,0.0,0.0,0.0,-3.0,0.0,0.0,0.0,-3.0,-3.0,0.0,0.0,-3.0,108,4,26,,,,,,,,,,,,,1,0,200,1.0,1.0,1,0.75,-1,3
179,6.310176200282141,0.09614078109142676,-1.3908880821095315e-14,-2.0,0.22130040539318702,0.7786995946068129,0.0,-2.0,1.0,0.0,0.0,-3.0,0.0,0.0,0.0,-3.0,0.0,0.0,0.0,-3.0,-3.0,0.0,0.0,-3.0,108,4,26,,,,,,,,,,,,,1,0,200,1.0,1.0,1,0.75,-1,4
180,6.310176200282141,0.09614078109142676,-1.3908880821095315e-14,-2.0,0.22130040539318702,0.7786995946068129,0.0,-2.0,1.0,0.0,0.0,-3.0,0.0,0.0,0.0,-3.0,0.0,0.0,0.0,-3.0,-3.0,0.0,0.0,-3.0,108,4,26,,,,,,,,,,,,,1,0,200,1.0,1.0,-1,0.25,0,1
181,6.310176200282141,0.09614078109142676,-1.3908880821095315e-14,-2.0,0.22130040539318702,0.7786995946068129,0.0,-2.0,1.0,0.0,0.0,-3.0,0.0,0.0,0.0,-3.0,0.0,0.0,0.0,-3.0,-3.0,0.0,0.0,-3.0,108,4,26,,,,,,,,,,,,,1,0,200,1.0,1.0,-1,0.25,0,2
182,6.310176200282141,0.09614078109142676,-1.3908880821095315e-14,-2.0,0.22130040539318702,0.7786995946068129,0.0,-2.0,1.0,0.0,0.0,-3.0,0.0,0.0,0.0,-3.0,0.0,0.0,0.0,-3.0,-3.0,0.0,0.0,-3.0,108,4,26,,,,,,,,,,,,,1,0,200,1.0,1.0,-1,0.25,0,3
183,6.310176200282141,0.09614078109142676,-1.3908880821095315e-14,-2.0,0.22130040539318702,0.7786995946068129,0.0,-2.0,1.0,0.0,0.0,-3.0,0.0,0.0,0.0,-3.0,0.0,0.0,0.0,-3.0,-3.0,0.0,0.0,-3.0,108,4,26,,,,,,,,,,,,,1,0,200,1.0,1.0,-1,0.25,0,4
184,6.310176200282141,0.09614078109142676,-1.3908880821095315e-14,-2.0,0.22130040539318702,0.7786995946068129,0.0,-2.0,1.0,0.0,0.0,-3.0,0.0,0.0,0.0,-3.0,0.0,0.0,0.0,-3.0,-3.0,0.0,0.0,-3.0,108,4,26,,,,,,,,,,,,,1,0,200,1.0,1.0,0,0.25,0,1
185,6.310176200282141,0.09614078109142676,-1.3908880821095315e-14,-2.0,0.22130040539318702,0.7786995946068129,0.0,-2.0,1.0,0.0,0.0,-3.0,0.0,0.0,0.0,-3.0,0.0,0.0,0.0,-3.0,-3.0,0.0,0.0,-3.0,108,4,26,,,,,,,,,,,,,1,0,200,1.0,1.0,0,0.25,0,2
186,6.310176200282141,0.09614078109142676,-1.3908880821095315e-14,-2.0,0.22130040539318702,0.7786995946068129,0.0,-2.0,1.0,0.0,0.0,-3.0,0.0,0.0,0.0,-3.0,0.0,0.0,0.0,-3.0,-3.0,0.0,0.0,-3.0,108,4,26,,,,,,,,,,,,,1,0,200,1.0,1.0,0,0.25,0,3
187,6.310176200282141,0.09614078109142676,-1.3908880821095315e-14,-2.0,0.22130040539318702,0.7786995946068129,0.0,-2.0,1.0,0.0,0.0,-3.0,0.0,0.0,0.0,-3.0,0.0,0.0,0.0,-3.0,-3.0,0.0,0.0,-3.0,108,4,26,,,,,,,,,,,,,1,0,200,1.0,1.0,0,0.25,0,4
188,6.310176200282141,0.09614078109142676,-1.3908880821095315e-14,-2.0,0.22130040539318702,0.7786995946068129,0.0,-2.0,1.0,0.0,0.0,-3.0,0.0,0.0,0.0,-3.0,0.0,0.0,0.0,-3.0,-3.0,0.0,0.0,-3.0,108,4,26,,,,,,,,,,,,,1,0,200,1.0,1.0,1,0.25,0,1
189,6.310176200282141,0.09614078109142676,-1.3908880821095315e-14,-2.0,0.22130040539318702,0.7786995946068129,0.0,-2.0,1.0,0.0,0.0,-3.0,0.0,0.0,0.0,-3.0,0.0,0.0,0.0,-3.0,-3.0,0.0,0.0,-3.0,108,4,26,,,,,,,,,,,,,1,0,200,1.0,1.0,1,0.25,0,2
190,6.310176200282141,0.09614078109142676,-1.3908880821095315e-14,-2.0,0.22130040539318702,0.7786995946068129,0.0,-2.0,1.0,0.0,0.0,-3.0,0.0,0.0,0.0,-3.0,0.0,0.0,0.0,-3.0,-3.0,0.0,0.0,-3.0,108,4,26,,,,,,,,,,,,,1,0,200,1.0,1.0,1,0.25,0,3
191,6.310176200282141,0.09614078109142676,-1.3908880821095315e-14,-2.0,0.22130040539318702,0.7786995946068129,0.0,-2.0,1.0,0.0,0.0,-3.0,0.0,0.0,0.0,-3.0,0.0,0.0,0.0,-3.0,-3.0,0.0,0.0,-3.0,108,4,26,,,,,,,,,,,,,1,0,200,1.0,1.0,1,0.25,0,4
192,6.310176200282141,0.09614078109142676,-1.3908880821095315e-14,-2.0,0.22130040539318702,0.7786995946068129,0.0,-2.0,1.0,0.0,0.0,-3.0,0.0,0.0,0.0,-3.0,0.0,0.0,0.0,-3.0,-3.0,0.0,0.0,-3.0,108,4,26,,,,,,,,,,,,,1,0,200,1.0,1.0,-1,0.5,0,1
193,6.310176200282141,0.09614078109142676,-1.3908880821095315e-14,-2.0,0.22130040539318702,0.7786995946068129,0.0,-2.0,1.0,0.0,0.0,-3.0,0.0,0.0,0.0,-3.0,0.0,0.0,0.0,-3.0,-3.0,0.0,0.0,-3.0,108,4,26,,,,,,,,,,,,,1,0,200,1.0,1.0,-1,0.5,0,2
194,6.310176200282141,0.09614078109142676,-1.3908880821095315e-14,-2.0,0.22130040539318702,0.7786995946068129,0.0,-2.0,1.0,0.0,0.0,-3.0,0.0,0.0,0.0,-3.0,0.0,0.0,0.0,-3.0,-3.0,0.0,0.0,-3.0,108,4,26,,,,,,,,,,,,,1,0,200,1.0,1.0,-1,0.5,0,3
195,6.310176200282141,0.09614078109142676,-1.3908880821095315e-14,-2.0,0.22130040539318702,0.7786995946068129,0.0,-2.0,1.0,0.0,0.0,-3.0,0.0,0.0,0.0,-3.0,0.0,0.0,0.0,-3.0,-3.0,0.0,0.0,-3.0,108,4,26,,,,,,,,,,,,,1,0,200,1.0,1.0,-1,0.5,0,4
196,6.310176200282141,0.09614078109142676,-1.3908880821095315e-14,-2.0,0.22130040539318702,0.7786995946068129,0.0,-2.0,1.0,0.0,0.0,-3.0,0.0,0.0,0.0,-3.0,0.0,0.0,0.0,-3.0,-3.0,0.0,0.0,-3.0,108,4,26,,,,,,,,,,,,,1,0,200,1.0,1.0,0,0.5,0,1
197,6.310176200282141,0.09614078109142676,-1.3908880821095315e-14,-2.0,0.22130040539318702,0.7786995946068129,0.0,-2.0,1.0,0.0,0.0,-3.0,0.0,0.0,0.0,-3.0,0.0,0.0,0.0,-3.0,-3.0,0.0,0.0,-3.0,108,4,26,,,,,,,,,,,,,1,0,200,1.0,1.0,0,0.5,0,2
198,6.310176200282141,0.09614078109142676,-1.3908880821095315e-14,-2.0,0.22130040539318702,0.7786995946068129,0.0,-2.0,1.0,0.0,0.0,-3.0,0.0,0.0,0.0,-3.0,0.0,0.0,0.0,-3.0,-3.0,0.0,0.0,-3.0,108,4,26,,,,,,,,,,,,,1,0,200,1.0,1.0,0,0.5,0,3
199,6.310176200282141,0.09614078109142676,-1.3908880821095315e-14,-2.0,0.22130040539318702,0.7786995946068129,0.0,-2.0,1.0,0.0,0.0,-3.0,0.0,0.0,0.0,-3.0,0.0,0.0,0.0,-3.0,-3.0,0.0,0.0,-3.0,108,4,26,,,,,,,,,,,,,1,0,200,1.0,1.0,0,0.5,0,4
200,6.310176200282141,0.09614078109142676,-1.3908880821095315e-14,-2.0,0.22130040539318702,0.7786995946068129,0.0,-2.0,1.0,0.0,0.0,-3.0,0.0,0.0,0.0,-3.0,0.0,0.0,0.0,-3.0,-3.0,0.0,0.0,-3.0,108,4,26,,,,,,,,,,,,,1,0,200,1.0,1.0,1,0.5,0,1
201,6.310176200282141,0.09614078109142676,-1.3908880821095315e-14,-2.0,0.22130040539318702,0.7786995946068129,0.0,-2.0,1.0,0.0,0.0,-3.0,0.0,0.0,0.0,-3.0,0.0,0.0,0.0,-3.0,-3.0,0.0,0.0,-3.0,108,4,26,,,,,,,,,,,,,1,0,200,1.0,1.0,1,0.5,0,2
202,6.310176200282141,0.09614078109142676,-1.3908880821095315e-14,-2.0,0.22130040539318702,0.7786995946068129,0.0,-2.0,1.0,0.0,0.0,-3.0,0.0,0.0,0.0,-3.0,0.0,0.0,0.0,-3.0,-3.0,0.0,0.0,-3.0,108,4,26,,,,,,,,,,,,,1,0,200,1.0,1.0,1,0.5,0,3
203,6.310176200282141,0.09614078109142676,-1.3908880821095315e-14,-2.0,0.22130040539318702,0.7786995946068129,0.0,-2.0,1.0,0.0,0.0,-3.0,0.0,0.0,0.0,-3.0,0.0,0.0,0.0,-3.0,-3.0,0.0,0.0,-3.0,108,4,26,,,,,,,,,,,,,1,0,200,1.0,1.0,1,0.5,0,4
204,6.310176200282141,0.09614078109142676,-1.3908880821095315e-14,-2.0,0.22130040539318702,0.7786995946068129,0.0,-2.0,1.0,0.0,0.0,-3.0,0.0,0.0,0.0,-3.0,0.0,0.0,0.0,-3.0,-3.0,0.0,0.0,-3.0,108,4,26,,,,,,,,,,,,,1,0,200,1.0,1.0,-1,0.75,0,1
205,6.310176200282141,0.09614078109142676,-1.3908880821095315e-14,-2.0,0.22130040539318702,0.7786995946068129,0.0,-2.0,1.0,0.0,0.0,-3.0,0.0,0.0,0.0,-3.0,0.0,0.0,0.0,-3.0,-3.0,0.0,0.0,-3.0,108,4,26,,,,,,,,,,,,,1,0,200,1.0,1.0,-1,0.75,0,2
206,6.310176200282141,0.09614078109142676,-1.3908880821095315e-14,-2.0,0.22130040539318702,0.7786995946068129,0.0,-2.0,1.0,0.0,0.0,-3.0,0.0,0.0,0.0,-3.0,0.0,0.0,0.0,-3.0,-3.0,0.0,0.0,-3.0,108,4,26,,,,,,,,,,,,,1,0,200,1.0,1.0,-1,0.75,0,3
207,6.310176200282141,0.09614078109142676,-1.3908880821095315e-14,-2.0,0.22130040539318702,0.7786995946068129,0.0,-2.0,1.0,0.0,0.0,-3.0,0.0,0.0,0.0,-3.0,0.0,0.0,0.0,-3.0,-3.0,0.0,0.0,-3.0,108,4,26,,,,,,,,,,,,,1,0,200,1.0,1.0,-1,0.75,0,4
208,6.310176200282141,0.09614078109142676,-1.3908880821095315e-14,-2.0,0.22130040539318702,0.7786995946068129,0.0,-2.0,1.0,0.0,0.0,-3.0,0.0,0.0,0.0,-3.0,0.0,0.0,0.0,-3.0,-3.0,0.0,0.0,-3.0,108,4,26,,,,,,,,,,,,,1,0,200,1.0,1.0,0,0.75,0,1
209,6.310176200282141,0.09614078109142676,-1.3908880821095315e-14,-2.0,0.22130040539318702,0.7786995946068129,0.0,-2.0,1.0,0.0,0.0,-3.0,0.0,0.0,0.0,-3.0,0.0,0.0,0.0,-3.0,-3.0,0.0,0.0,-3.0,108,4,26,,,,,,,,,,,,,1,0,200,1.0,1.0,0,0.75,0,2
210,6.310176200282141,0.09614078109142676,-1.3908880821095315e-14,-2.0,0.22130040539318702,0.7786995946068129,0.0,-2.0,1.0,0.0,0.0,-3.0,0.0,0.0,0.0,-3.0,0.0,0.0,0.0,-3.0,-3.0,0.0,0.0,-3.0,108,4,26,,,,,,,,,,,,,1,0,200,1.0,1.0,0,0.75,0,3
211,6.310176200282141,0.09614078109142676,-1.3908880821095315e-14,-2.0,0.22130040539318702,0.7786995946068129,0.0,-2.0,1.0,0.0,0.0,-3.0,0.0,0.0,0.0,-3.0,0.0,0.0,0.0,-3.0,-3.0,0.0,0.0,-3.0,108,4,26,,,,,,,,,,,,,1,0,200,1.0,1.0,0,0.75,0,4
212,6.310176200282141,0.09614078109142676,-1.3908880821095315e-14,-2.0,0.22130040539318702,0.7786995946068129,0.0,-2.0,1.0,0.0,0.0,-3.0,0.0,0.0,0.0,-3.0,0.0,0.0,0.0,-3.0,-3.0,0.0,0.0,-3.0,108,4,26,,,,,,,,,,,,,1,0,200,1.0,1.0,1,0.75,0,1
213,6.310176200282141,0.09614078109142676,-1.3908880821095315e-14,-2.0,0.22130040539318702,0.7786995946068129,0.0,-2.0,1.0,0.0,0.0,-3.0,0.0,0.0,0.0,-3.0,0.0,0.0,0.0,-3.0,-3.0,0.0,0.0,-3.0,108,4,26,,,,,,,,,,,,,1,0,200,1.0,1.0,1,0.75,0,2
214,6.310176200282141,0.09614078109142676,-1.3908880821095315e-14,-2.0,0.22130040539318702,0.7786995946068129,0.0,-2.0,1.0,0.0,0.0,-3.0,0.0,0.0,0.0,-3.0,0.0,0.0,0.0,-3.0,-3.0,0.0,0.0,-3.0,108,4,26,,,,,,,,,,,,,1,0,200,1.0,1.0,1,0.75,0,3
215,6.310176200282141,0.09614078109142676,-1.3908880821095315e-14,-2.0,0.22130040539318702,0.7786995946068129,0.0,-2.0,1.0,0.0,0.0,-3.0,0.0,0.0,0.0,-3.0,0.0,0.0,0.0,-3.0,-3.0,0.0,0.0,-3.0,108,4,26,,,,,,,,,,,,,1,0,200,1.0,1.0,1,0.75,0,4
