,Features.Entropy.Mean,Features.Entropy.StandardDeviation,Features.Entropy.Skew,Features.Entropy.Kurtosis,Features.MutualInformation.Mean,Features.MutualInformation.StandardDeviation,Features.MutualInformation.Skew,Features.MutualInformation.Kurtosis,Features.SpearmanCorrelation.Mean,Features.SpearmanCorrelation.StandardDeviation,Features.SpearmanCorrelation.Skew,Features.SpearmanCorrelation.Kurtosis,FeaturesLabels.SpearmanCorrelation.Mean,FeaturesLabels.SpearmanCorrelation.StandardDeviation,FeaturesLabels.SpearmanCorrelation.Skew,FeaturesLabels.SpearmanCorrelation.Kurtosis,Features.Mean.Mean,Features.Mean.StandardDeviation,Features.Mean.Skew,Features.Mean.Kurtosis,Features.StandardDeviation.Mean,Features.StandardDeviation.StandardDeviation,Features.StandardDeviation.Skew,Features.StandardDeviation.Kurtosis,Features.Skew.Mean,Features.Skew.StandardDeviation,Features.Skew.Skew,Features.Skew.Kurtosis,Features.Kurtosis.Mean,Features.Kurtosis.StandardDeviation,Features.Kurtosis.Skew,Features.Kurtosis.Kurtosis,Number of Examples,Number of Features,Number of Classes,FeaturesLabels.MutualInformation.Mean,FeaturesLabels.MutualInformation.StandardDeviation,FeaturesLabels.MutualInformation.Skew,FeaturesLabels.MutualInformation.Kurtosis,bootstrap,bootstrap_features,n_estimators,max_samples,max_features,Algorithm: Decision Tree (max_depth=1),Algorithm: Decision Tree (max_depth=2),Algorithm: Decision Tree (max_depth=3),Algorithm: Decision Tree (max_depth=4),Algorithm: Naive Bayes,Algorithm: Majority Class
0,8.498299148804499,0.86376609944208,0.0620439549831546,-1.6238682066262835,0.3500979338926468,0.2521053121687077,1.17548892333662,1.1022694751182947,-0.0010895020512489324,0.27166972620418994,-0.3344549210037288,0.32369234513973844,0.1648059085041937,0.3891121043524488,1.073206007241633,0.4590502793227853,0.9716209716209716,0.06951413892458273,-2.041241452319314,2.1666666666666643,0.05699804961182505,0.13961613788281216,2.041241452319316,2.1666666666666705,-0.21579456712102665,0.5285865787112909,-2.0412414523193148,2.166666666666665,-2.531171790750198,1.1483898896847948,2.0412414523193143,2.1666666666666616,891,12,2,,,,,1,1,50,0.5,1,5,4,3,2,1,6
1,8.498299148804499,0.86376609944208,0.0620439549831546,-1.6238682066262835,0.3500979338926468,0.2521053121687077,1.17548892333662,1.1022694751182947,-0.0010895020512489324,0.27166972620418994,-0.3344549210037288,0.32369234513973844,0.1648059085041937,0.3891121043524488,1.073206007241633,0.4590502793227853,0.9716209716209716,0.06951413892458273,-2.041241452319314,2.1666666666666643,0.05699804961182505,0.13961613788281216,2.041241452319316,2.1666666666666705,-0.21579456712102665,0.5285865787112909,-2.0412414523193148,2.166666666666665,-2.531171790750198,1.1483898896847948,2.0412414523193143,2.1666666666666616,891,12,2,,,,,1,1,100,0.5,1,5,4,3,2,1,6
2,8.498299148804499,0.86376609944208,0.0620439549831546,-1.6238682066262835,0.3500979338926468,0.2521053121687077,1.17548892333662,1.1022694751182947,-0.0010895020512489324,0.27166972620418994,-0.3344549210037288,0.32369234513973844,0.1648059085041937,0.3891121043524488,1.073206007241633,0.4590502793227853,0.9716209716209716,0.06951413892458273,-2.041241452319314,2.1666666666666643,0.05699804961182505,0.13961613788281216,2.041241452319316,2.1666666666666705,-0.21579456712102665,0.5285865787112909,-2.0412414523193148,2.166666666666665,-2.531171790750198,1.1483898896847948,2.0412414523193143,2.1666666666666616,891,12,2,,,,,1,1,200,0.5,1,5,4,3,2,1,6
3,8.498299148804499,0.86376609944208,0.0620439549831546,-1.6238682066262835,0.3500979338926468,0.2521053121687077,1.17548892333662,1.1022694751182947,-0.0010895020512489324,0.27166972620418994,-0.3344549210037288,0.32369234513973844,0.1648059085041937,0.3891121043524488,1.073206007241633,0.4590502793227853,0.9716209716209716,0.06951413892458273,-2.041241452319314,2.1666666666666643,0.05699804961182505,0.13961613788281216,2.041241452319316,2.1666666666666705,-0.21579456712102665,0.5285865787112909,-2.0412414523193148,2.166666666666665,-2.531171790750198,1.1483898896847948,2.0412414523193143,2.1666666666666616,891,12,2,,,,,1,1,50,1.0,1,5,4,3,2,1,6
4,8.498299148804499,0.86376609944208,0.0620439549831546,-1.6238682066262835,0.3500979338926468,0.2521053121687077,1.17548892333662,1.1022694751182947,-0.0010895020512489324,0.27166972620418994,-0.3344549210037288,0.32369234513973844,0.1648059085041937,0.3891121043524488,1.073206007241633,0.4590502793227853,0.9716209716209716,0.06951413892458273,-2.041241452319314,2.1666666666666643,0.05699804961182505,0.13961613788281216,2.041241452319316,2.1666666666666705,-0.21579456712102665,0.5285865787112909,-2.0412414523193148,2.166666666666665,-2.531171790750198,1.1483898896847948,2.0412414523193143,2.1666666666666616,891,12,2,,,,,1,1,100,1.0,1,5,4,3,1,2,6
5,8.498299148804499,0.86376609944208,0.0620439549831546,-1.6238682066262835,0.3500979338926468,0.2521053121687077,1.17548892333662,1.1022694751182947,-0.0010895020512489324,0.27166972620418994,-0.3344549210037288,0.32369234513973844,0.1648059085041937,0.3891121043524488,1.073206007241633,0.4590502793227853,0.9716209716209716,0.06951413892458273,-2.041241452319314,2.1666666666666643,0.05699804961182505,0.13961613788281216,2.041241452319316,2.1666666666666705,-0.21579456712102665,0.5285865787112909,-2.0412414523193148,2.166666666666665,-2.531171790750198,1.1483898896847948,2.0412414523193143,2.1666666666666616,891,12,2,,,,,1,1,200,1.0,1,5,4,3,2,1,6
6,8.498299148804499,0.86376609944208,0.0620439549831546,-1.6238682066262835,0.3500979338926468,0.2521053121687077,1.17548892333662,1.1022694751182947,-0.0010895020512489324,0.27166972620418994,-0.3344549210037288,0.32369234513973844,0.1648059085041937,0.3891121043524488,1.073206007241633,0.4590502793227853,0.9716209716209716,0.06951413892458273,-2.041241452319314,2.1666666666666643,0.05699804961182505,0.13961613788281216,2.041241452319316,2.1666666666666705,-0.21579456712102665,0.5285865787112909,-2.0412414523193148,2.166666666666665,-2.531171790750198,1.1483898896847948,2.0412414523193143,2.1666666666666616,891,12,2,,,,,1,1,50,0.5,2,4,3,2,1,5,6
7,8.498299148804499,0.86376609944208,0.0620439549831546,-1.6238682066262835,0.3500979338926468,0.2521053121687077,1.17548892333662,1.1022694751182947,-0.0010895020512489324,0.27166972620418994,-0.3344549210037288,0.32369234513973844,0.1648059085041937,0.3891121043524488,1.073206007241633,0.4590502793227853,0.9716209716209716,0.06951413892458273,-2.041241452319314,2.1666666666666643,0.05699804961182505,0.13961613788281216,2.041241452319316,2.1666666666666705,-0.21579456712102665,0.5285865787112909,-2.0412414523193148,2.166666666666665,-2.531171790750198,1.1483898896847948,2.0412414523193143,2.1666666666666616,891,12,2,,,,,1,1,100,0.5,2,5,3,2,1,4,6
8,8.498299148804499,0.86376609944208,0.0620439549831546,-1.6238682066262835,0.3500979338926468,0.2521053121687077,1.17548892333662,1.1022694751182947,-0.0010895020512489324,0.27166972620418994,-0.3344549210037288,0.32369234513973844,0.1648059085041937,0.3891121043524488,1.073206007241633,0.4590502793227853,0.9716209716209716,0.06951413892458273,-2.041241452319314,2.1666666666666643,0.05699804961182505,0.13961613788281216,2.041241452319316,2.1666666666666705,-0.21579456712102665,0.5285865787112909,-2.0412414523193148,2.166666666666665,-2.531171790750198,1.1483898896847948,2.0412414523193143,2.1666666666666616,891,12,2,,,,,1,1,200,0.5,2,5,3,2,1,4,6
9,8.498299148804499,0.86376609944208,0.0620439549831546,-1.6238682066262835,0.3500979338926468,0.2521053121687077,1.17548892333662,1.1022694751182947,-0.0010895020512489324,0.27166972620418994,-0.3344549210037288,0.32369234513973844,0.1648059085041937,0.3891121043524488,1.073206007241633,0.4590502793227853,0.9716209716209716,0.06951413892458273,-2.041241452319314,2.1666666666666643,0.05699804961182505,0.13961613788281216,2.041241452319316,2.1666666666666705,-0.21579456712102665,0.5285865787112909,-2.0412414523193148,2.166666666666665,-2.531171790750198,1.1483898896847948,2.0412414523193143,2.1666666666666616,891,12,2,,,,,1,1,50,1.0,2,4,3,2,1,5,6
10,8.498299148804499,0.86376609944208,0.0620439549831546,-1.6238682066262835,0.3500979338926468,0.2521053121687077,1.17548892333662,1.1022694751182947,-0.0010895020512489324,0.27166972620418994,-0.3344549210037288,0.32369234513973844,0.1648059085041937,0.3891121043524488,1.073206007241633,0.4590502793227853,0.9716209716209716,0.06951413892458273,-2.041241452319314,2.1666666666666643,0.05699804961182505,0.13961613788281216,2.041241452319316,2.1666666666666705,-0.21579456712102665,0.5285865787112909,-2.0412414523193148,2.166666666666665,-2.531171790750198,1.1483898896847948,2.0412414523193143,2.1666666666666616,891,12,2,,,,,1,1,100,1.0,2,5,3,2,1,4,6
11,8.498299148804499,0.86376609944208,0.0620439549831546,-1.6238682066262835,0.3500979338926468,0.2521053121687077,1.17548892333662,1.1022694751182947,-0.0010895020512489324,0.27166972620418994,-0.3344549210037288,0.32369234513973844,0.1648059085041937,0.3891121043524488,1.073206007241633,0.4590502793227853,0.9716209716209716,0.06951413892458273,-2.041241452319314,2.1666666666666643,0.05699804961182505,0.13961613788281216,2.041241452319316,2.1666666666666705,-0.21579456712102665,0.5285865787112909,-2.0412414523193148,2.166666666666665,-2.531171790750198,1.1483898896847948,2.0412414523193143,2.1666666666666616,891,12,2,,,,,1,1,200,1.0,2,5,3,2,1,4,6
12,8.498299148804499,0.86376609944208,0.0620439549831546,-1.6238682066262835,0.3500979338926468,0.2521053121687077,1.17548892333662,1.1022694751182947,-0.0010895020512489324,0.27166972620418994,-0.3344549210037288,0.32369234513973844,0.1648059085041937,0.3891121043524488,1.073206007241633,0.4590502793227853,0.9716209716209716,0.06951413892458273,-2.041241452319314,2.1666666666666643,0.05699804961182505,0.13961613788281216,2.041241452319316,2.1666666666666705,-0.21579456712102665,0.5285865787112909,-2.0412414523193148,2.166666666666665,-2.531171790750198,1.1483898896847948,2.0412414523193143,2.1666666666666616,891,12,2,,,,,1,1,50,0.5,4,4,3,2,1,5,6
13,8.498299148804499,0.86376609944208,0.0620439549831546,-1.6238682066262835,0.3500979338926468,0.2521053121687077,1.17548892333662,1.1022694751182947,-0.0010895020512489324,0.27166972620418994,-0.3344549210037288,0.32369234513973844,0.1648059085041937,0.3891121043524488,1.073206007241633,0.4590502793227853,0.9716209716209716,0.06951413892458273,-2.041241452319314,2.1666666666666643,0.05699804961182505,0.13961613788281216,2.041241452319316,2.1666666666666705,-0.21579456712102665,0.5285865787112909,-2.0412414523193148,2.166666666666665,-2.531171790750198,1.1483898896847948,2.0412414523193143,2.1666666666666616,891,12,2,,,,,1,1,100,0.5,4,4,3,2,1,5,6
14,8.498299148804499,0.86376609944208,0.0620439549831546,-1.6238682066262835,0.3500979338926468,0.2521053121687077,1.17548892333662,1.1022694751182947,-0.0010895020512489324,0.27166972620418994,-0.3344549210037288,0.32369234513973844,0.1648059085041937,0.3891121043524488,1.073206007241633,0.4590502793227853,0.9716209716209716,0.06951413892458273,-2.041241452319314,2.1666666666666643,0.05699804961182505,0.13961613788281216,2.041241452319316,2.1666666666666705,-0.21579456712102665,0.5285865787112909,-2.0412414523193148,2.166666666666665,-2.531171790750198,1.1483898896847948,2.0412414523193143,2.1666666666666616,891,12,2,,,,,1,1,200,0.5,4,4,3,2,1,5,6
15,8.498299148804499,0.86376609944208,0.0620439549831546,-1.6238682066262835,0.3500979338926468,0.2521053121687077,1.17548892333662,1.1022694751182947,-0.0010895020512489324,0.27166972620418994,-0.3344549210037288,0.32369234513973844,0.1648059085041937,0.3891121043524488,1.073206007241633,0.4590502793227853,0.9716209716209716,0.06951413892458273,-2.041241452319314,2.1666666666666643,0.05699804961182505,0.13961613788281216,2.041241452319316,2.1666666666666705,-0.21579456712102665,0.5285865787112909,-2.0412414523193148,2.166666666666665,-2.531171790750198,1.1483898896847948,2.0412414523193143,2.1666666666666616,891,12,2,,,,,1,1,50,1.0,4,4,3,2,1,5,6
16,8.498299148804499,0.86376609944208,0.0620439549831546,-1.6238682066262835,0.3500979338926468,0.2521053121687077,1.17548892333662,1.1022694751182947,-0.0010895020512489324,0.27166972620418994,-0.3344549210037288,0.32369234513973844,0.1648059085041937,0.3891121043524488,1.073206007241633,0.4590502793227853,0.9716209716209716,0.06951413892458273,-2.041241452319314,2.1666666666666643,0.05699804961182505,0.13961613788281216,2.041241452319316,2.1666666666666705,-0.21579456712102665,0.5285865787112909,-2.0412414523193148,2.166666666666665,-2.531171790750198,1.1483898896847948,2.0412414523193143,2.1666666666666616,891,12,2,,,,,1,1,100,1.0,4,4,3,2,1,5,6
17,8.498299148804499,0.86376609944208,0.0620439549831546,-1.6238682066262835,0.3500979338926468,0.2521053121687077,1.17548892333662,1.1022694751182947,-0.0010895020512489324,0.27166972620418994,-0.3344549210037288,0.32369234513973844,0.1648059085041937,0.3891121043524488,1.073206007241633,0.4590502793227853,0.9716209716209716,0.06951413892458273,-2.041241452319314,2.1666666666666643,0.05699804961182505,0.13961613788281216,2.041241452319316,2.1666666666666705,-0.21579456712102665,0.5285865787112909,-2.0412414523193148,2.166666666666665,-2.531171790750198,1.1483898896847948,2.0412414523193143,2.1666666666666616,891,12,2,,,,,1,1,200,1.0,4,4,3,2,1,5,6
18,8.498299148804499,0.86376609944208,0.0620439549831546,-1.6238682066262835,0.3500979338926468,0.2521053121687077,1.17548892333662,1.1022694751182947,-0.0010895020512489324,0.27166972620418994,-0.3344549210037288,0.32369234513973844,0.1648059085041937,0.3891121043524488,1.073206007241633,0.4590502793227853,0.9716209716209716,0.06951413892458273,-2.041241452319314,2.1666666666666643,0.05699804961182505,0.13961613788281216,2.041241452319316,2.1666666666666705,-0.21579456712102665,0.5285865787112909,-2.0412414523193148,2.166666666666665,-2.531171790750198,1.1483898896847948,2.0412414523193143,2.1666666666666616,891,12,2,,,,,1,0,50,0.5,1,5,4,3,2,1,6
19,8.498299148804499,0.86376609944208,0.0620439549831546,-1.6238682066262835,0.3500979338926468,0.2521053121687077,1.17548892333662,1.1022694751182947,-0.0010895020512489324,0.27166972620418994,-0.3344549210037288,0.32369234513973844,0.1648059085041937,0.3891121043524488,1.073206007241633,0.4590502793227853,0.9716209716209716,0.06951413892458273,-2.041241452319314,2.1666666666666643,0.05699804961182505,0.13961613788281216,2.041241452319316,2.1666666666666705,-0.21579456712102665,0.5285865787112909,-2.0412414523193148,2.166666666666665,-2.531171790750198,1.1483898896847948,2.0412414523193143,2.1666666666666616,891,12,2,,,,,1,0,100,0.5,1,5,4,3,2,1,6
20,8.498299148804499,0.86376609944208,0.0620439549831546,-1.6238682066262835,0.3500979338926468,0.2521053121687077,1.17548892333662,1.1022694751182947,-0.0010895020512489324,0.27166972620418994,-0.3344549210037288,0.32369234513973844,0.1648059085041937,0.3891121043524488,1.073206007241633,0.4590502793227853,0.9716209716209716,0.06951413892458273,-2.041241452319314,2.1666666666666643,0.05699804961182505,0.13961613788281216,2.041241452319316,2.1666666666666705,-0.21579456712102665,0.5285865787112909,-2.0412414523193148,2.166666666666665,-2.531171790750198,1.1483898896847948,2.0412414523193143,2.1666666666666616,891,12,2,,,,,1,0,200,0.5,1,5,4,3,2,1,6
21,8.498299148804499,0.86376609944208,0.0620439549831546,-1.6238682066262835,0.3500979338926468,0.2521053121687077,1.17548892333662,1.1022694751182947,-0.0010895020512489324,0.27166972620418994,-0.3344549210037288,0.32369234513973844,0.1648059085041937,0.3891121043524488,1.073206007241633,0.4590502793227853,0.9716209716209716,0.06951413892458273,-2.041241452319314,2.1666666666666643,0.05699804961182505,0.13961613788281216,2.041241452319316,2.1666666666666705,-0.21579456712102665,0.5285865787112909,-2.0412414523193148,2.166666666666665,-2.531171790750198,1.1483898896847948,2.0412414523193143,2.1666666666666616,891,12,2,,,,,1,0,50,1.0,1,5,4,3,2,1,6
22,8.498299148804499,0.86376609944208,0.0620439549831546,-1.6238682066262835,0.3500979338926468,0.2521053121687077,1.17548892333662,1.1022694751182947,-0.0010895020512489324,0.27166972620418994,-0.3344549210037288,0.32369234513973844,0.1648059085041937,0.3891121043524488,1.073206007241633,0.4590502793227853,0.9716209716209716,0.06951413892458273,-2.041241452319314,2.1666666666666643,0.05699804961182505,0.13961613788281216,2.041241452319316,2.1666666666666705,-0.21579456712102665,0.5285865787112909,-2.0412414523193148,2.166666666666665,-2.531171790750198,1.1483898896847948,2.0412414523193143,2.1666666666666616,891,12,2,,,,,1,0,100,1.0,1,5,4,3,2,1,6
23,8.498299148804499,0.86376609944208,0.0620439549831546,-1.6238682066262835,0.3500979338926468,0.2521053121687077,1.17548892333662,1.1022694751182947,-0.0010895020512489324,0.27166972620418994,-0.3344549210037288,0.32369234513973844,0.1648059085041937,0.3891121043524488,1.073206007241633,0.4590502793227853,0.9716209716209716,0.06951413892458273,-2.041241452319314,2.1666666666666643,0.05699804961182505,0.13961613788281216,2.041241452319316,2.1666666666666705,-0.21579456712102665,0.5285865787112909,-2.0412414523193148,2.166666666666665,-2.531171790750198,1.1483898896847948,2.0412414523193143,2.1666666666666616,891,12,2,,,,,1,0,200,1.0,1,5,4,3,1,2,6
24,8.498299148804499,0.86376609944208,0.0620439549831546,-1.6238682066262835,0.3500979338926468,0.2521053121687077,1.17548892333662,1.1022694751182947,-0.0010895020512489324,0.27166972620418994,-0.3344549210037288,0.32369234513973844,0.1648059085041937,0.3891121043524488,1.073206007241633,0.4590502793227853,0.9716209716209716,0.06951413892458273,-2.041241452319314,2.1666666666666643,0.05699804961182505,0.13961613788281216,2.041241452319316,2.1666666666666705,-0.21579456712102665,0.5285865787112909,-2.0412414523193148,2.166666666666665,-2.531171790750198,1.1483898896847948,2.0412414523193143,2.1666666666666616,891,12,2,,,,,1,0,50,0.5,2,5,3,2,1,4,6
25,8.498299148804499,0.86376609944208,0.0620439549831546,-1.6238682066262835,0.3500979338926468,0.2521053121687077,1.17548892333662,1.1022694751182947,-0.0010895020512489324,0.27166972620418994,-0.3344549210037288,0.32369234513973844,0.1648059085041937,0.3891121043524488,1.073206007241633,0.4590502793227853,0.9716209716209716,0.06951413892458273,-2.041241452319314,2.1666666666666643,0.05699804961182505,0.13961613788281216,2.041241452319316,2.1666666666666705,-0.21579456712102665,0.5285865787112909,-2.0412414523193148,2.166666666666665,-2.531171790750198,1.1483898896847948,2.0412414523193143,2.1666666666666616,891,12,2,,,,,1,0,100,0.5,2,4,3,2,1,5,6
26,8.498299148804499,0.86376609944208,0.0620439549831546,-1.6238682066262835,0.3500979338926468,0.2521053121687077,1.17548892333662,1.1022694751182947,-0.0010895020512489324,0.27166972620418994,-0.3344549210037288,0.32369234513973844,0.1648059085041937,0.3891121043524488,1.073206007241633,0.4590502793227853,0.9716209716209716,0.06951413892458273,-2.041241452319314,2.1666666666666643,0.05699804961182505,0.13961613788281216,2.041241452319316,2.1666666666666705,-0.21579456712102665,0.5285865787112909,-2.0412414523193148,2.166666666666665,-2.531171790750198,1.1483898896847948,2.0412414523193143,2.1666666666666616,891,12,2,,,,,1,0,200,0.5,2,5,3,2,1,4,6
27,8.498299148804499,0.86376609944208,0.0620439549831546,-1.6238682066262835,0.3500979338926468,0.2521053121687077,1.17548892333662,1.1022694751182947,-0.0010895020512489324,0.27166972620418994,-0.3344549210037288,0.32369234513973844,0.1648059085041937,0.3891121043524488,1.073206007241633,0.4590502793227853,0.9716209716209716,0.06951413892458273,-2.041241452319314,2.1666666666666643,0.05699804961182505,0.13961613788281216,2.041241452319316,2.1666666666666705,-0.21579456712102665,0.5285865787112909,-2.0412414523193148,2.166666666666665,-2.531171790750198,1.1483898896847948,2.0412414523193143,2.1666666666666616,891,12,2,,,,,1,0,50,1.0,2,5,3,2,1,4,6
28,8.498299148804499,0.86376609944208,0.0620439549831546,-1.6238682066262835,0.3500979338926468,0.2521053121687077,1.17548892333662,1.1022694751182947,-0.0010895020512489324,0.27166972620418994,-0.3344549210037288,0.32369234513973844,0.1648059085041937,0.3891121043524488,1.073206007241633,0.4590502793227853,0.9716209716209716,0.06951413892458273,-2.041241452319314,2.1666666666666643,0.05699804961182505,0.13961613788281216,2.041241452319316,2.1666666666666705,-0.21579456712102665,0.5285865787112909,-2.0412414523193148,2.166666666666665,-2.531171790750198,1.1483898896847948,2.0412414523193143,2.1666666666666616,891,12,2,,,,,1,0,100,1.0,2,4,3,2,1,5,6
29,8.498299148804499,0.86376609944208,0.0620439549831546,-1.6238682066262835,0.3500979338926468,0.2521053121687077,1.17548892333662,1.1022694751182947,-0.0010895020512489324,0.27166972620418994,-0.3344549210037288,0.32369234513973844,0.1648059085041937,0.3891121043524488,1.073206007241633,0.4590502793227853,0.9716209716209716,0.06951413892458273,-2.041241452319314,2.1666666666666643,0.05699804961182505,0.13961613788281216,2.041241452319316,2.1666666666666705,-0.21579456712102665,0.5285865787112909,-2.0412414523193148,2.166666666666665,-2.531171790750198,1.1483898896847948,2.0412414523193143,2.1666666666666616,891,12,2,,,,,1,0,200,1.0,2,4,3,2,1,5,6
30,8.498299148804499,0.86376609944208,0.0620439549831546,-1.6238682066262835,0.3500979338926468,0.2521053121687077,1.17548892333662,1.1022694751182947,-0.0010895020512489324,0.27166972620418994,-0.3344549210037288,0.32369234513973844,0.1648059085041937,0.3891121043524488,1.073206007241633,0.4590502793227853,0.9716209716209716,0.06951413892458273,-2.041241452319314,2.1666666666666643,0.05699804961182505,0.13961613788281216,2.041241452319316,2.1666666666666705,-0.21579456712102665,0.5285865787112909,-2.0412414523193148,2.166666666666665,-2.531171790750198,1.1483898896847948,2.0412414523193143,2.1666666666666616,891,12,2,,,,,1,0,50,0.5,4,4,3,2,1,5,6
31,8.498299148804499,0.86376609944208,0.0620439549831546,-1.6238682066262835,0.3500979338926468,0.2521053121687077,1.17548892333662,1.1022694751182947,-0.0010895020512489324,0.27166972620418994,-0.3344549210037288,0.32369234513973844,0.1648059085041937,0.3891121043524488,1.073206007241633,0.4590502793227853,0.9716209716209716,0.06951413892458273,-2.041241452319314,2.1666666666666643,0.05699804961182505,0.13961613788281216,2.041241452319316,2.1666666666666705,-0.21579456712102665,0.5285865787112909,-2.0412414523193148,2.166666666666665,-2.531171790750198,1.1483898896847948,2.0412414523193143,2.1666666666666616,891,12,2,,,,,1,0,100,0.5,4,4,3,2,1,5,6
32,8.498299148804499,0.86376609944208,0.0620439549831546,-1.6238682066262835,0.3500979338926468,0.2521053121687077,1.17548892333662,1.1022694751182947,-0.0010895020512489324,0.27166972620418994,-0.3344549210037288,0.32369234513973844,0.1648059085041937,0.3891121043524488,1.073206007241633,0.4590502793227853,0.9716209716209716,0.06951413892458273,-2.041241452319314,2.1666666666666643,0.05699804961182505,0.13961613788281216,2.041241452319316,2.1666666666666705,-0.21579456712102665,0.5285865787112909,-2.0412414523193148,2.166666666666665,-2.531171790750198,1.1483898896847948,2.0412414523193143,2.1666666666666616,891,12,2,,,,,1,0,200,0.5,4,4,3,2,1,5,6
33,8.498299148804499,0.86376609944208,0.0620439549831546,-1.6238682066262835,0.3500979338926468,0.2521053121687077,1.17548892333662,1.1022694751182947,-0.0010895020512489324,0.27166972620418994,-0.3344549210037288,0.32369234513973844,0.1648059085041937,0.3891121043524488,1.073206007241633,0.4590502793227853,0.9716209716209716,0.06951413892458273,-2.041241452319314,2.1666666666666643,0.05699804961182505,0.13961613788281216,2.041241452319316,2.1666666666666705,-0.21579456712102665,0.5285865787112909,-2.0412414523193148,2.166666666666665,-2.531171790750198,1.1483898896847948,2.0412414523193143,2.1666666666666616,891,12,2,,,,,1,0,50,1.0,4,4,3,2,1,5,6
34,8.498299148804499,0.86376609944208,0.0620439549831546,-1.6238682066262835,0.3500979338926468,0.2521053121687077,1.17548892333662,1.1022694751182947,-0.0010895020512489324,0.27166972620418994,-0.3344549210037288,0.32369234513973844,0.1648059085041937,0.3891121043524488,1.073206007241633,0.4590502793227853,0.9716209716209716,0.06951413892458273,-2.041241452319314,2.1666666666666643,0.05699804961182505,0.13961613788281216,2.041241452319316,2.1666666666666705,-0.21579456712102665,0.5285865787112909,-2.0412414523193148,2.166666666666665,-2.531171790750198,1.1483898896847948,2.0412414523193143,2.1666666666666616,891,12,2,,,,,1,0,100,1.0,4,4,3,2,1,5,6
35,8.498299148804499,0.86376609944208,0.0620439549831546,-1.6238682066262835,0.3500979338926468,0.2521053121687077,1.17548892333662,1.1022694751182947,-0.0010895020512489324,0.27166972620418994,-0.3344549210037288,0.32369234513973844,0.1648059085041937,0.3891121043524488,1.073206007241633,0.4590502793227853,0.9716209716209716,0.06951413892458273,-2.041241452319314,2.1666666666666643,0.05699804961182505,0.13961613788281216,2.041241452319316,2.1666666666666705,-0.21579456712102665,0.5285865787112909,-2.0412414523193148,2.166666666666665,-2.531171790750198,1.1483898896847948,2.0412414523193143,2.1666666666666616,891,12,2,,,,,1,0,200,1.0,4,4,3,2,1,5,6
36,8.498299148804499,0.86376609944208,0.0620439549831546,-1.6238682066262835,0.3500979338926468,0.2521053121687077,1.17548892333662,1.1022694751182947,-0.0010895020512489324,0.27166972620418994,-0.3344549210037288,0.32369234513973844,0.1648059085041937,0.3891121043524488,1.073206007241633,0.4590502793227853,0.9716209716209716,0.06951413892458273,-2.041241452319314,2.1666666666666643,0.05699804961182505,0.13961613788281216,2.041241452319316,2.1666666666666705,-0.21579456712102665,0.5285865787112909,-2.0412414523193148,2.166666666666665,-2.531171790750198,1.1483898896847948,2.0412414523193143,2.1666666666666616,891,12,2,,,,,0,1,50,0.5,1,5,4,3,2,1,6
37,8.498299148804499,0.86376609944208,0.0620439549831546,-1.6238682066262835,0.3500979338926468,0.2521053121687077,1.17548892333662,1.1022694751182947,-0.0010895020512489324,0.27166972620418994,-0.3344549210037288,0.32369234513973844,0.1648059085041937,0.3891121043524488,1.073206007241633,0.4590502793227853,0.9716209716209716,0.06951413892458273,-2.041241452319314,2.1666666666666643,0.05699804961182505,0.13961613788281216,2.041241452319316,2.1666666666666705,-0.21579456712102665,0.5285865787112909,-2.0412414523193148,2.166666666666665,-2.531171790750198,1.1483898896847948,2.0412414523193143,2.1666666666666616,891,12,2,,,,,0,1,100,0.5,1,5,3,4,1,2,6
38,8.498299148804499,0.86376609944208,0.0620439549831546,-1.6238682066262835,0.3500979338926468,0.2521053121687077,1.17548892333662,1.1022694751182947,-0.0010895020512489324,0.27166972620418994,-0.3344549210037288,0.32369234513973844,0.1648059085041937,0.3891121043524488,1.073206007241633,0.4590502793227853,0.9716209716209716,0.06951413892458273,-2.041241452319314,2.1666666666666643,0.05699804961182505,0.13961613788281216,2.041241452319316,2.1666666666666705,-0.21579456712102665,0.5285865787112909,-2.0412414523193148,2.166666666666665,-2.531171790750198,1.1483898896847948,2.0412414523193143,2.1666666666666616,891,12,2,,,,,0,1,200,0.5,1,5,4,3,2,1,6
39,8.498299148804499,0.86376609944208,0.0620439549831546,-1.6238682066262835,0.3500979338926468,0.2521053121687077,1.17548892333662,1.1022694751182947,-0.0010895020512489324,0.27166972620418994,-0.3344549210037288,0.32369234513973844,0.1648059085041937,0.3891121043524488,1.073206007241633,0.4590502793227853,0.9716209716209716,0.06951413892458273,-2.041241452319314,2.1666666666666643,0.05699804961182505,0.13961613788281216,2.041241452319316,2.1666666666666705,-0.21579456712102665,0.5285865787112909,-2.0412414523193148,2.166666666666665,-2.531171790750198,1.1483898896847948,2.0412414523193143,2.1666666666666616,891,12,2,,,,,0,1,50,1.0,1,5,4,3,2,1,6
40,8.498299148804499,0.86376609944208,0.0620439549831546,-1.6238682066262835,0.3500979338926468,0.2521053121687077,1.17548892333662,1.1022694751182947,-0.0010895020512489324,0.27166972620418994,-0.3344549210037288,0.32369234513973844,0.1648059085041937,0.3891121043524488,1.073206007241633,0.4590502793227853,0.9716209716209716,0.06951413892458273,-2.041241452319314,2.1666666666666643,0.05699804961182505,0.13961613788281216,2.041241452319316,2.1666666666666705,-0.21579456712102665,0.5285865787112909,-2.0412414523193148,2.166666666666665,-2.531171790750198,1.1483898896847948,2.0412414523193143,2.1666666666666616,891,12,2,,,,,0,1,100,1.0,1,5,4,3,1,2,6
41,8.498299148804499,0.86376609944208,0.0620439549831546,-1.6238682066262835,0.3500979338926468,0.2521053121687077,1.17548892333662,1.1022694751182947,-0.0010895020512489324,0.27166972620418994,-0.3344549210037288,0.32369234513973844,0.1648059085041937,0.3891121043524488,1.073206007241633,0.4590502793227853,0.9716209716209716,0.06951413892458273,-2.041241452319314,2.1666666666666643,0.05699804961182505,0.13961613788281216,2.041241452319316,2.1666666666666705,-0.21579456712102665,0.5285865787112909,-2.0412414523193148,2.166666666666665,-2.531171790750198,1.1483898896847948,2.0412414523193143,2.1666666666666616,891,12,2,,,,,0,1,200,1.0,1,5,4,3,1,2,6
42,8.498299148804499,0.86376609944208,0.0620439549831546,-1.6238682066262835,0.3500979338926468,0.2521053121687077,1.17548892333662,1.1022694751182947,-0.0010895020512489324,0.27166972620418994,-0.3344549210037288,0.32369234513973844,0.1648059085041937,0.3891121043524488,1.073206007241633,0.4590502793227853,0.9716209716209716,0.06951413892458273,-2.041241452319314,2.1666666666666643,0.05699804961182505,0.13961613788281216,2.041241452319316,2.1666666666666705,-0.21579456712102665,0.5285865787112909,-2.0412414523193148,2.166666666666665,-2.531171790750198,1.1483898896847948,2.0412414523193143,2.1666666666666616,891,12,2,,,,,0,1,50,0.5,2,5,3,2,1,4,6
43,8.498299148804499,0.86376609944208,0.0620439549831546,-1.6238682066262835,0.3500979338926468,0.2521053121687077,1.17548892333662,1.1022694751182947,-0.0010895020512489324,0.27166972620418994,-0.3344549210037288,0.32369234513973844,0.1648059085041937,0.3891121043524488,1.073206007241633,0.4590502793227853,0.9716209716209716,0.06951413892458273,-2.041241452319314,2.1666666666666643,0.05699804961182505,0.13961613788281216,2.041241452319316,2.1666666666666705,-0.21579456712102665,0.5285865787112909,-2.0412414523193148,2.166666666666665,-2.531171790750198,1.1483898896847948,2.0412414523193143,2.1666666666666616,891,12,2,,,,,0,1,100,0.5,2,5,3,2,1,4,6
44,8.498299148804499,0.86376609944208,0.0620439549831546,-1.6238682066262835,0.3500979338926468,0.2521053121687077,1.17548892333662,1.1022694751182947,-0.0010895020512489324,0.27166972620418994,-0.3344549210037288,0.32369234513973844,0.1648059085041937,0.3891121043524488,1.073206007241633,0.4590502793227853,0.9716209716209716,0.06951413892458273,-2.041241452319314,2.1666666666666643,0.05699804961182505,0.13961613788281216,2.041241452319316,2.1666666666666705,-0.21579456712102665,0.5285865787112909,-2.0412414523193148,2.166666666666665,-2.531171790750198,1.1483898896847948,2.0412414523193143,2.1666666666666616,891,12,2,,,,,0,1,200,0.5,2,5,3,2,1,4,6
45,8.498299148804499,0.86376609944208,0.0620439549831546,-1.6238682066262835,0.3500979338926468,0.2521053121687077,1.17548892333662,1.1022694751182947,-0.0010895020512489324,0.27166972620418994,-0.3344549210037288,0.32369234513973844,0.1648059085041937,0.3891121043524488,1.073206007241633,0.4590502793227853,0.9716209716209716,0.06951413892458273,-2.041241452319314,2.1666666666666643,0.05699804961182505,0.13961613788281216,2.041241452319316,2.1666666666666705,-0.21579456712102665,0.5285865787112909,-2.0412414523193148,2.166666666666665,-2.531171790750198,1.1483898896847948,2.0412414523193143,2.1666666666666616,891,12,2,,,,,0,1,50,1.0,2,5,3,2,1,4,6
46,8.498299148804499,0.86376609944208,0.0620439549831546,-1.6238682066262835,0.3500979338926468,0.2521053121687077,1.17548892333662,1.1022694751182947,-0.0010895020512489324,0.27166972620418994,-0.3344549210037288,0.32369234513973844,0.1648059085041937,0.3891121043524488,1.073206007241633,0.4590502793227853,0.9716209716209716,0.06951413892458273,-2.041241452319314,2.1666666666666643,0.05699804961182505,0.13961613788281216,2.041241452319316,2.1666666666666705,-0.21579456712102665,0.5285865787112909,-2.0412414523193148,2.166666666666665,-2.531171790750198,1.1483898896847948,2.0412414523193143,2.1666666666666616,891,12,2,,,,,0,1,100,1.0,2,5,3,2,1,4,6
47,8.498299148804499,0.86376609944208,0.0620439549831546,-1.6238682066262835,0.3500979338926468,0.2521053121687077,1.17548892333662,1.1022694751182947,-0.0010895020512489324,0.27166972620418994,-0.3344549210037288,0.32369234513973844,0.1648059085041937,0.3891121043524488,1.073206007241633,0.4590502793227853,0.9716209716209716,0.06951413892458273,-2.041241452319314,2.1666666666666643,0.05699804961182505,0.13961613788281216,2.041241452319316,2.1666666666666705,-0.21579456712102665,0.5285865787112909,-2.0412414523193148,2.166666666666665,-2.531171790750198,1.1483898896847948,2.0412414523193143,2.1666666666666616,891,12,2,,,,,0,1,200,1.0,2,5,3,2,1,4,6
48,8.498299148804499,0.86376609944208,0.0620439549831546,-1.6238682066262835,0.3500979338926468,0.2521053121687077,1.17548892333662,1.1022694751182947,-0.0010895020512489324,0.27166972620418994,-0.3344549210037288,0.32369234513973844,0.1648059085041937,0.3891121043524488,1.073206007241633,0.4590502793227853,0.9716209716209716,0.06951413892458273,-2.041241452319314,2.1666666666666643,0.05699804961182505,0.13961613788281216,2.041241452319316,2.1666666666666705,-0.21579456712102665,0.5285865787112909,-2.0412414523193148,2.166666666666665,-2.531171790750198,1.1483898896847948,2.0412414523193143,2.1666666666666616,891,12,2,,,,,0,1,50,0.5,4,5,3,2,1,4,6
49,8.498299148804499,0.86376609944208,0.0620439549831546,-1.6238682066262835,0.3500979338926468,0.2521053121687077,1.17548892333662,1.1022694751182947,-0.0010895020512489324,0.27166972620418994,-0.3344549210037288,0.32369234513973844,0.1648059085041937,0.3891121043524488,1.073206007241633,0.4590502793227853,0.9716209716209716,0.06951413892458273,-2.041241452319314,2.1666666666666643,0.05699804961182505,0.13961613788281216,2.041241452319316,2.1666666666666705,-0.21579456712102665,0.5285865787112909,-2.0412414523193148,2.166666666666665,-2.531171790750198,1.1483898896847948,2.0412414523193143,2.1666666666666616,891,12,2,,,,,0,1,100,0.5,4,4,3,2,1,5,6
50,8.498299148804499,0.86376609944208,0.0620439549831546,-1.6238682066262835,0.3500979338926468,0.2521053121687077,1.17548892333662,1.1022694751182947,-0.0010895020512489324,0.27166972620418994,-0.3344549210037288,0.32369234513973844,0.1648059085041937,0.3891121043524488,1.073206007241633,0.4590502793227853,0.9716209716209716,0.06951413892458273,-2.041241452319314,2.1666666666666643,0.05699804961182505,0.13961613788281216,2.041241452319316,2.1666666666666705,-0.21579456712102665,0.5285865787112909,-2.0412414523193148,2.166666666666665,-2.531171790750198,1.1483898896847948,2.0412414523193143,2.1666666666666616,891,12,2,,,,,0,1,200,0.5,4,4,3,2,1,5,6
51,8.498299148804499,0.86376609944208,0.0620439549831546,-1.6238682066262835,0.3500979338926468,0.2521053121687077,1.17548892333662,1.1022694751182947,-0.0010895020512489324,0.27166972620418994,-0.3344549210037288,0.32369234513973844,0.1648059085041937,0.3891121043524488,1.073206007241633,0.4590502793227853,0.9716209716209716,0.06951413892458273,-2.041241452319314,2.1666666666666643,0.05699804961182505,0.13961613788281216,2.041241452319316,2.1666666666666705,-0.21579456712102665,0.5285865787112909,-2.0412414523193148,2.166666666666665,-2.531171790750198,1.1483898896847948,2.0412414523193143,2.1666666666666616,891,12,2,,,,,0,1,50,1.0,4,4,3,2,1,5,6
52,8.498299148804499,0.86376609944208,0.0620439549831546,-1.6238682066262835,0.3500979338926468,0.2521053121687077,1.17548892333662,1.1022694751182947,-0.0010895020512489324,0.27166972620418994,-0.3344549210037288,0.32369234513973844,0.1648059085041937,0.3891121043524488,1.073206007241633,0.4590502793227853,0.9716209716209716,0.06951413892458273,-2.041241452319314,2.1666666666666643,0.05699804961182505,0.13961613788281216,2.041241452319316,2.1666666666666705,-0.21579456712102665,0.5285865787112909,-2.0412414523193148,2.166666666666665,-2.531171790750198,1.1483898896847948,2.0412414523193143,2.1666666666666616,891,12,2,,,,,0,1,100,1.0,4,4,3,2,1,5,6
53,8.498299148804499,0.86376609944208,0.0620439549831546,-1.6238682066262835,0.3500979338926468,0.2521053121687077,1.17548892333662,1.1022694751182947,-0.0010895020512489324,0.27166972620418994,-0.3344549210037288,0.32369234513973844,0.1648059085041937,0.3891121043524488,1.073206007241633,0.4590502793227853,0.9716209716209716,0.06951413892458273,-2.041241452319314,2.1666666666666643,0.05699804961182505,0.13961613788281216,2.041241452319316,2.1666666666666705,-0.21579456712102665,0.5285865787112909,-2.0412414523193148,2.166666666666665,-2.531171790750198,1.1483898896847948,2.0412414523193143,2.1666666666666616,891,12,2,,,,,0,1,200,1.0,4,4,3,2,1,5,6
54,8.498299148804499,0.86376609944208,0.0620439549831546,-1.6238682066262835,0.3500979338926468,0.2521053121687077,1.17548892333662,1.1022694751182947,-0.0010895020512489324,0.27166972620418994,-0.3344549210037288,0.32369234513973844,0.1648059085041937,0.3891121043524488,1.073206007241633,0.4590502793227853,0.9716209716209716,0.06951413892458273,-2.041241452319314,2.1666666666666643,0.05699804961182505,0.13961613788281216,2.041241452319316,2.1666666666666705,-0.21579456712102665,0.5285865787112909,-2.0412414523193148,2.166666666666665,-2.531171790750198,1.1483898896847948,2.0412414523193143,2.1666666666666616,891,12,2,,,,,0,0,50,0.5,1,5,4,3,2,1,6
55,8.498299148804499,0.86376609944208,0.0620439549831546,-1.6238682066262835,0.3500979338926468,0.2521053121687077,1.17548892333662,1.1022694751182947,-0.0010895020512489324,0.27166972620418994,-0.3344549210037288,0.32369234513973844,0.1648059085041937,0.3891121043524488,1.073206007241633,0.4590502793227853,0.9716209716209716,0.06951413892458273,-2.041241452319314,2.1666666666666643,0.05699804961182505,0.13961613788281216,2.041241452319316,2.1666666666666705,-0.21579456712102665,0.5285865787112909,-2.0412414523193148,2.166666666666665,-2.531171790750198,1.1483898896847948,2.0412414523193143,2.1666666666666616,891,12,2,,,,,0,0,100,0.5,1,5,4,3,1,2,6
56,8.498299148804499,0.86376609944208,0.0620439549831546,-1.6238682066262835,0.3500979338926468,0.2521053121687077,1.17548892333662,1.1022694751182947,-0.0010895020512489324,0.27166972620418994,-0.3344549210037288,0.32369234513973844,0.1648059085041937,0.3891121043524488,1.073206007241633,0.4590502793227853,0.9716209716209716,0.06951413892458273,-2.041241452319314,2.1666666666666643,0.05699804961182505,0.13961613788281216,2.041241452319316,2.1666666666666705,-0.21579456712102665,0.5285865787112909,-2.0412414523193148,2.166666666666665,-2.531171790750198,1.1483898896847948,2.0412414523193143,2.1666666666666616,891,12,2,,,,,0,0,200,0.5,1,5,4,2,1,3,6
57,8.498299148804499,0.86376609944208,0.0620439549831546,-1.6238682066262835,0.3500979338926468,0.2521053121687077,1.17548892333662,1.1022694751182947,-0.0010895020512489324,0.27166972620418994,-0.3344549210037288,0.32369234513973844,0.1648059085041937,0.3891121043524488,1.073206007241633,0.4590502793227853,0.9716209716209716,0.06951413892458273,-2.041241452319314,2.1666666666666643,0.05699804961182505,0.13961613788281216,2.041241452319316,2.1666666666666705,-0.21579456712102665,0.5285865787112909,-2.0412414523193148,2.166666666666665,-2.531171790750198,1.1483898896847948,2.0412414523193143,2.1666666666666616,891,12,2,,,,,0,0,50,1.0,1,5,4,3,1,2,6
58,8.498299148804499,0.86376609944208,0.0620439549831546,-1.6238682066262835,0.3500979338926468,0.2521053121687077,1.17548892333662,1.1022694751182947,-0.0010895020512489324,0.27166972620418994,-0.3344549210037288,0.32369234513973844,0.1648059085041937,0.3891121043524488,1.073206007241633,0.4590502793227853,0.9716209716209716,0.06951413892458273,-2.041241452319314,2.1666666666666643,0.05699804961182505,0.13961613788281216,2.041241452319316,2.1666666666666705,-0.21579456712102665,0.5285865787112909,-2.0412414523193148,2.166666666666665,-2.531171790750198,1.1483898896847948,2.0412414523193143,2.1666666666666616,891,12,2,,,,,0,0,100,1.0,1,5,4,3,1,2,6
59,8.498299148804499,0.86376609944208,0.0620439549831546,-1.6238682066262835,0.3500979338926468,0.2521053121687077,1.17548892333662,1.1022694751182947,-0.0010895020512489324,0.27166972620418994,-0.3344549210037288,0.32369234513973844,0.1648059085041937,0.3891121043524488,1.073206007241633,0.4590502793227853,0.9716209716209716,0.06951413892458273,-2.041241452319314,2.1666666666666643,0.05699804961182505,0.13961613788281216,2.041241452319316,2.1666666666666705,-0.21579456712102665,0.5285865787112909,-2.0412414523193148,2.166666666666665,-2.531171790750198,1.1483898896847948,2.0412414523193143,2.1666666666666616,891,12,2,,,,,0,0,200,1.0,1,5,4,3,1,2,6
60,8.498299148804499,0.86376609944208,0.0620439549831546,-1.6238682066262835,0.3500979338926468,0.2521053121687077,1.17548892333662,1.1022694751182947,-0.0010895020512489324,0.27166972620418994,-0.3344549210037288,0.32369234513973844,0.1648059085041937,0.3891121043524488,1.073206007241633,0.4590502793227853,0.9716209716209716,0.06951413892458273,-2.041241452319314,2.1666666666666643,0.05699804961182505,0.13961613788281216,2.041241452319316,2.1666666666666705,-0.21579456712102665,0.5285865787112909,-2.0412414523193148,2.166666666666665,-2.531171790750198,1.1483898896847948,2.0412414523193143,2.1666666666666616,891,12,2,,,,,0,0,50,0.5,2,5,3,2,1,4,6
61,8.498299148804499,0.86376609944208,0.0620439549831546,-1.6238682066262835,0.3500979338926468,0.2521053121687077,1.17548892333662,1.1022694751182947,-0.0010895020512489324,0.27166972620418994,-0.3344549210037288,0.32369234513973844,0.1648059085041937,0.3891121043524488,1.073206007241633,0.4590502793227853,0.9716209716209716,0.06951413892458273,-2.041241452319314,2.1666666666666643,0.05699804961182505,0.13961613788281216,2.041241452319316,2.1666666666666705,-0.21579456712102665,0.5285865787112909,-2.0412414523193148,2.166666666666665,-2.531171790750198,1.1483898896847948,2.0412414523193143,2.1666666666666616,891,12,2,,,,,0,0,100,0.5,2,4,3,2,1,5,6
62,8.498299148804499,0.86376609944208,0.0620439549831546,-1.6238682066262835,0.3500979338926468,0.2521053121687077,1.17548892333662,1.1022694751182947,-0.0010895020512489324,0.27166972620418994,-0.3344549210037288,0.32369234513973844,0.1648059085041937,0.3891121043524488,1.073206007241633,0.4590502793227853,0.9716209716209716,0.06951413892458273,-2.041241452319314,2.1666666666666643,0.05699804961182505,0.13961613788281216,2.041241452319316,2.1666666666666705,-0.21579456712102665,0.5285865787112909,-2.0412414523193148,2.166666666666665,-2.531171790750198,1.1483898896847948,2.0412414523193143,2.1666666666666616,891,12,2,,,,,0,0,200,0.5,2,4,3,2,1,5,6
63,8.498299148804499,0.86376609944208,0.0620439549831546,-1.6238682066262835,0.3500979338926468,0.2521053121687077,1.17548892333662,1.1022694751182947,-0.0010895020512489324,0.27166972620418994,-0.3344549210037288,0.32369234513973844,0.1648059085041937,0.3891121043524488,1.073206007241633,0.4590502793227853,0.9716209716209716,0.06951413892458273,-2.041241452319314,2.1666666666666643,0.05699804961182505,0.13961613788281216,2.041241452319316,2.1666666666666705,-0.21579456712102665,0.5285865787112909,-2.0412414523193148,2.166666666666665,-2.531171790750198,1.1483898896847948,2.0412414523193143,2.1666666666666616,891,12,2,,,,,0,0,50,1.0,2,4,3,2,1,5,6
64,8.498299148804499,0.86376609944208,0.0620439549831546,-1.6238682066262835,0.3500979338926468,0.2521053121687077,1.17548892333662,1.1022694751182947,-0.0010895020512489324,0.27166972620418994,-0.3344549210037288,0.32369234513973844,0.1648059085041937,0.3891121043524488,1.073206007241633,0.4590502793227853,0.9716209716209716,0.06951413892458273,-2.041241452319314,2.1666666666666643,0.05699804961182505,0.13961613788281216,2.041241452319316,2.1666666666666705,-0.21579456712102665,0.5285865787112909,-2.0412414523193148,2.166666666666665,-2.531171790750198,1.1483898896847948,2.0412414523193143,2.1666666666666616,891,12,2,,,,,0,0,100,1.0,2,4,3,2,1,5,6
65,8.498299148804499,0.86376609944208,0.0620439549831546,-1.6238682066262835,0.3500979338926468,0.2521053121687077,1.17548892333662,1.1022694751182947,-0.0010895020512489324,0.27166972620418994,-0.3344549210037288,0.32369234513973844,0.1648059085041937,0.3891121043524488,1.073206007241633,0.4590502793227853,0.9716209716209716,0.06951413892458273,-2.041241452319314,2.1666666666666643,0.05699804961182505,0.13961613788281216,2.041241452319316,2.1666666666666705,-0.21579456712102665,0.5285865787112909,-2.0412414523193148,2.166666666666665,-2.531171790750198,1.1483898896847948,2.0412414523193143,2.1666666666666616,891,12,2,,,,,0,0,200,1.0,2,4,3,2,1,5,6
66,8.498299148804499,0.86376609944208,0.0620439549831546,-1.6238682066262835,0.3500979338926468,0.2521053121687077,1.17548892333662,1.1022694751182947,-0.0010895020512489324,0.27166972620418994,-0.3344549210037288,0.32369234513973844,0.1648059085041937,0.3891121043524488,1.073206007241633,0.4590502793227853,0.9716209716209716,0.06951413892458273,-2.041241452319314,2.1666666666666643,0.05699804961182505,0.13961613788281216,2.041241452319316,2.1666666666666705,-0.21579456712102665,0.5285865787112909,-2.0412414523193148,2.166666666666665,-2.531171790750198,1.1483898896847948,2.0412414523193143,2.1666666666666616,891,12,2,,,,,0,0,50,0.5,4,4,3,2,1,5,6
67,8.498299148804499,0.86376609944208,0.0620439549831546,-1.6238682066262835,0.3500979338926468,0.2521053121687077,1.17548892333662,1.1022694751182947,-0.0010895020512489324,0.27166972620418994,-0.3344549210037288,0.32369234513973844,0.1648059085041937,0.3891121043524488,1.073206007241633,0.4590502793227853,0.9716209716209716,0.06951413892458273,-2.041241452319314,2.1666666666666643,0.05699804961182505,0.13961613788281216,2.041241452319316,2.1666666666666705,-0.21579456712102665,0.5285865787112909,-2.0412414523193148,2.166666666666665,-2.531171790750198,1.1483898896847948,2.0412414523193143,2.1666666666666616,891,12,2,,,,,0,0,100,0.5,4,4,3,2,1,5,6
68,8.498299148804499,0.86376609944208,0.0620439549831546,-1.6238682066262835,0.3500979338926468,0.2521053121687077,1.17548892333662,1.1022694751182947,-0.0010895020512489324,0.27166972620418994,-0.3344549210037288,0.32369234513973844,0.1648059085041937,0.3891121043524488,1.073206007241633,0.4590502793227853,0.9716209716209716,0.06951413892458273,-2.041241452319314,2.1666666666666643,0.05699804961182505,0.13961613788281216,2.041241452319316,2.1666666666666705,-0.21579456712102665,0.5285865787112909,-2.0412414523193148,2.166666666666665,-2.531171790750198,1.1483898896847948,2.0412414523193143,2.1666666666666616,891,12,2,,,,,0,0,200,0.5,4,4,3,2,1,5,6
69,8.498299148804499,0.86376609944208,0.0620439549831546,-1.6238682066262835,0.3500979338926468,0.2521053121687077,1.17548892333662,1.1022694751182947,-0.0010895020512489324,0.27166972620418994,-0.3344549210037288,0.32369234513973844,0.1648059085041937,0.3891121043524488,1.073206007241633,0.4590502793227853,0.9716209716209716,0.06951413892458273,-2.041241452319314,2.1666666666666643,0.05699804961182505,0.13961613788281216,2.041241452319316,2.1666666666666705,-0.21579456712102665,0.5285865787112909,-2.0412414523193148,2.166666666666665,-2.531171790750198,1.1483898896847948,2.0412414523193143,2.1666666666666616,891,12,2,,,,,0,0,50,1.0,4,4,3,2,1,5,6
70,8.498299148804499,0.86376609944208,0.0620439549831546,-1.6238682066262835,0.3500979338926468,0.2521053121687077,1.17548892333662,1.1022694751182947,-0.0010895020512489324,0.27166972620418994,-0.3344549210037288,0.32369234513973844,0.1648059085041937,0.3891121043524488,1.073206007241633,0.4590502793227853,0.9716209716209716,0.06951413892458273,-2.041241452319314,2.1666666666666643,0.05699804961182505,0.13961613788281216,2.041241452319316,2.1666666666666705,-0.21579456712102665,0.5285865787112909,-2.0412414523193148,2.166666666666665,-2.531171790750198,1.1483898896847948,2.0412414523193143,2.1666666666666616,891,12,2,,,,,0,0,100,1.0,4,4,3,2,1,5,6
71,8.498299148804499,0.86376609944208,0.0620439549831546,-1.6238682066262835,0.3500979338926468,0.2521053121687077,1.17548892333662,1.1022694751182947,-0.0010895020512489324,0.27166972620418994,-0.3344549210037288,0.32369234513973844,0.1648059085041937,0.3891121043524488,1.073206007241633,0.4590502793227853,0.9716209716209716,0.06951413892458273,-2.041241452319314,2.1666666666666643,0.05699804961182505,0.13961613788281216,2.041241452319316,2.1666666666666705,-0.21579456712102665,0.5285865787112909,-2.0412414523193148,2.166666666666665,-2.531171790750198,1.1483898896847948,2.0412414523193143,2.1666666666666616,891,12,2,,,,,0,0,200,1.0,4,4,3,2,1,5,6
72,,,,,,,,,-0.00918638384456261,0.2163461014520419,-0.285012408074422,0.003341969564793157,-0.007122304118379362,0.41932422493864235,0.8958312324631522,-0.06115596695139969,1.0,0.0,0.0,-3.0,0.0,0.0,0.0,-3.0,0.0,0.0,0.0,-3.0,-3.0,0.0,0.0,-3.0,303,14,2,,,,,1,1,50,0.5,1,5,4,2,1,3,6
73,,,,,,,,,-0.00918638384456261,0.2163461014520419,-0.285012408074422,0.003341969564793157,-0.007122304118379362,0.41932422493864235,0.8958312324631522,-0.06115596695139969,1.0,0.0,0.0,-3.0,0.0,0.0,0.0,-3.0,0.0,0.0,0.0,-3.0,-3.0,0.0,0.0,-3.0,303,14,2,,,,,1,1,100,0.5,1,4,3,1,2,5,6
74,,,,,,,,,-0.00918638384456261,0.2163461014520419,-0.285012408074422,0.003341969564793157,-0.007122304118379362,0.41932422493864235,0.8958312324631522,-0.06115596695139969,1.0,0.0,0.0,-3.0,0.0,0.0,0.0,-3.0,0.0,0.0,0.0,-3.0,-3.0,0.0,0.0,-3.0,303,14,2,,,,,1,1,200,0.5,1,4,3,1,2,5,6
75,,,,,,,,,-0.00918638384456261,0.2163461014520419,-0.285012408074422,0.003341969564793157,-0.007122304118379362,0.41932422493864235,0.8958312324631522,-0.06115596695139969,1.0,0.0,0.0,-3.0,0.0,0.0,0.0,-3.0,0.0,0.0,0.0,-3.0,-3.0,0.0,0.0,-3.0,303,14,2,,,,,1,1,50,1.0,1,5,3,2,1,4,6
76,,,,,,,,,-0.00918638384456261,0.2163461014520419,-0.285012408074422,0.003341969564793157,-0.007122304118379362,0.41932422493864235,0.8958312324631522,-0.06115596695139969,1.0,0.0,0.0,-3.0,0.0,0.0,0.0,-3.0,0.0,0.0,0.0,-3.0,-3.0,0.0,0.0,-3.0,303,14,2,,,,,1,1,100,1.0,1,4,3,2,1,5,6
77,,,,,,,,,-0.00918638384456261,0.2163461014520419,-0.285012408074422,0.003341969564793157,-0.007122304118379362,0.41932422493864235,0.8958312324631522,-0.06115596695139969,1.0,0.0,0.0,-3.0,0.0,0.0,0.0,-3.0,0.0,0.0,0.0,-3.0,-3.0,0.0,0.0,-3.0,303,14,2,,,,,1,1,200,1.0,1,4,3,2,1,5,6
78,,,,,,,,,-0.00918638384456261,0.2163461014520419,-0.285012408074422,0.003341969564793157,-0.007122304118379362,0.41932422493864235,0.8958312324631522,-0.06115596695139969,1.0,0.0,0.0,-3.0,0.0,0.0,0.0,-3.0,0.0,0.0,0.0,-3.0,-3.0,0.0,0.0,-3.0,303,14,2,,,,,1,1,50,0.5,2,5,3,2,1,4,6
79,,,,,,,,,-0.00918638384456261,0.2163461014520419,-0.285012408074422,0.003341969564793157,-0.007122304118379362,0.41932422493864235,0.8958312324631522,-0.06115596695139969,1.0,0.0,0.0,-3.0,0.0,0.0,0.0,-3.0,0.0,0.0,0.0,-3.0,-3.0,0.0,0.0,-3.0,303,14,2,,,,,1,1,100,0.5,2,4,3,2,1,5,6
80,,,,,,,,,-0.00918638384456261,0.2163461014520419,-0.285012408074422,0.003341969564793157,-0.007122304118379362,0.41932422493864235,0.8958312324631522,-0.06115596695139969,1.0,0.0,0.0,-3.0,0.0,0.0,0.0,-3.0,0.0,0.0,0.0,-3.0,-3.0,0.0,0.0,-3.0,303,14,2,,,,,1,1,200,0.5,2,4,3,2,1,5,6
81,,,,,,,,,-0.00918638384456261,0.2163461014520419,-0.285012408074422,0.003341969564793157,-0.007122304118379362,0.41932422493864235,0.8958312324631522,-0.06115596695139969,1.0,0.0,0.0,-3.0,0.0,0.0,0.0,-3.0,0.0,0.0,0.0,-3.0,-3.0,0.0,0.0,-3.0,303,14,2,,,,,1,1,50,1.0,2,4,3,2,1,5,6
82,,,,,,,,,-0.00918638384456261,0.2163461014520419,-0.285012408074422,0.003341969564793157,-0.007122304118379362,0.41932422493864235,0.8958312324631522,-0.06115596695139969,1.0,0.0,0.0,-3.0,0.0,0.0,0.0,-3.0,0.0,0.0,0.0,-3.0,-3.0,0.0,0.0,-3.0,303,14,2,,,,,1,1,100,1.0,2,4,3,2,1,5,6
83,,,,,,,,,-0.00918638384456261,0.2163461014520419,-0.285012408074422,0.003341969564793157,-0.007122304118379362,0.41932422493864235,0.8958312324631522,-0.06115596695139969,1.0,0.0,0.0,-3.0,0.0,0.0,0.0,-3.0,0.0,0.0,0.0,-3.0,-3.0,0.0,0.0,-3.0,303,14,2,,,,,1,1,200,1.0,2,4,3,2,1,5,6
84,,,,,,,,,-0.00918638384456261,0.2163461014520419,-0.285012408074422,0.003341969564793157,-0.007122304118379362,0.41932422493864235,0.8958312324631522,-0.06115596695139969,1.0,0.0,0.0,-3.0,0.0,0.0,0.0,-3.0,0.0,0.0,0.0,-3.0,-3.0,0.0,0.0,-3.0,303,14,2,,,,,1,1,50,0.5,4,5,3,2,1,4,6
85,,,,,,,,,-0.00918638384456261,0.2163461014520419,-0.285012408074422,0.003341969564793157,-0.007122304118379362,0.41932422493864235,0.8958312324631522,-0.06115596695139969,1.0,0.0,0.0,-3.0,0.0,0.0,0.0,-3.0,0.0,0.0,0.0,-3.0,-3.0,0.0,0.0,-3.0,303,14,2,,,,,1,1,100,0.5,4,5,3,2,1,4,6
86,,,,,,,,,-0.00918638384456261,0.2163461014520419,-0.285012408074422,0.003341969564793157,-0.007122304118379362,0.41932422493864235,0.8958312324631522,-0.06115596695139969,1.0,0.0,0.0,-3.0,0.0,0.0,0.0,-3.0,0.0,0.0,0.0,-3.0,-3.0,0.0,0.0,-3.0,303,14,2,,,,,1,1,200,0.5,4,5,3,2,1,4,6
87,,,,,,,,,-0.00918638384456261,0.2163461014520419,-0.285012408074422,0.003341969564793157,-0.007122304118379362,0.41932422493864235,0.8958312324631522,-0.06115596695139969,1.0,0.0,0.0,-3.0,0.0,0.0,0.0,-3.0,0.0,0.0,0.0,-3.0,-3.0,0.0,0.0,-3.0,303,14,2,,,,,1,1,50,1.0,4,5,3,2,1,4,6
88,,,,,,,,,-0.00918638384456261,0.2163461014520419,-0.285012408074422,0.003341969564793157,-0.007122304118379362,0.41932422493864235,0.8958312324631522,-0.06115596695139969,1.0,0.0,0.0,-3.0,0.0,0.0,0.0,-3.0,0.0,0.0,0.0,-3.0,-3.0,0.0,0.0,-3.0,303,14,2,,,,,1,1,100,1.0,4,5,3,2,1,4,6
89,,,,,,,,,-0.00918638384456261,0.2163461014520419,-0.285012408074422,0.003341969564793157,-0.007122304118379362,0.41932422493864235,0.8958312324631522,-0.06115596695139969,1.0,0.0,0.0,-3.0,0.0,0.0,0.0,-3.0,0.0,0.0,0.0,-3.0,-3.0,0.0,0.0,-3.0,303,14,2,,,,,1,1,200,1.0,4,5,3,2,1,4,6
90,,,,,,,,,-0.00918638384456261,0.2163461014520419,-0.285012408074422,0.003341969564793157,-0.007122304118379362,0.41932422493864235,0.8958312324631522,-0.06115596695139969,1.0,0.0,0.0,-3.0,0.0,0.0,0.0,-3.0,0.0,0.0,0.0,-3.0,-3.0,0.0,0.0,-3.0,303,14,2,,,,,1,0,50,0.5,1,5,3,1,2,4,6
91,,,,,,,,,-0.00918638384456261,0.2163461014520419,-0.285012408074422,0.003341969564793157,-0.007122304118379362,0.41932422493864235,0.8958312324631522,-0.06115596695139969,1.0,0.0,0.0,-3.0,0.0,0.0,0.0,-3.0,0.0,0.0,0.0,-3.0,-3.0,0.0,0.0,-3.0,303,14,2,,,,,1,0,100,0.5,1,5,3,1,2,4,6
92,,,,,,,,,-0.00918638384456261,0.2163461014520419,-0.285012408074422,0.003341969564793157,-0.007122304118379362,0.41932422493864235,0.8958312324631522,-0.06115596695139969,1.0,0.0,0.0,-3.0,0.0,0.0,0.0,-3.0,0.0,0.0,0.0,-3.0,-3.0,0.0,0.0,-3.0,303,14,2,,,,,1,0,200,0.5,1,4,3,2,1,5,6
93,,,,,,,,,-0.00918638384456261,0.2163461014520419,-0.285012408074422,0.003341969564793157,-0.007122304118379362,0.41932422493864235,0.8958312324631522,-0.06115596695139969,1.0,0.0,0.0,-3.0,0.0,0.0,0.0,-3.0,0.0,0.0,0.0,-3.0,-3.0,0.0,0.0,-3.0,303,14,2,,,,,1,0,50,1.0,1,4,2,3,1,5,6
94,,,,,,,,,-0.00918638384456261,0.2163461014520419,-0.285012408074422,0.003341969564793157,-0.007122304118379362,0.41932422493864235,0.8958312324631522,-0.06115596695139969,1.0,0.0,0.0,-3.0,0.0,0.0,0.0,-3.0,0.0,0.0,0.0,-3.0,-3.0,0.0,0.0,-3.0,303,14,2,,,,,1,0,100,1.0,1,4,3,2,1,5,6
95,,,,,,,,,-0.00918638384456261,0.2163461014520419,-0.285012408074422,0.003341969564793157,-0.007122304118379362,0.41932422493864235,0.8958312324631522,-0.06115596695139969,1.0,0.0,0.0,-3.0,0.0,0.0,0.0,-3.0,0.0,0.0,0.0,-3.0,-3.0,0.0,0.0,-3.0,303,14,2,,,,,1,0,200,1.0,1,5,3,2,1,4,6
96,,,,,,,,,-0.00918638384456261,0.2163461014520419,-0.285012408074422,0.003341969564793157,-0.007122304118379362,0.41932422493864235,0.8958312324631522,-0.06115596695139969,1.0,0.0,0.0,-3.0,0.0,0.0,0.0,-3.0,0.0,0.0,0.0,-3.0,-3.0,0.0,0.0,-3.0,303,14,2,,,,,1,0,50,0.5,2,5,3,2,1,4,6
97,,,,,,,,,-0.00918638384456261,0.2163461014520419,-0.285012408074422,0.003341969564793157,-0.007122304118379362,0.41932422493864235,0.8958312324631522,-0.06115596695139969,1.0,0.0,0.0,-3.0,0.0,0.0,0.0,-3.0,0.0,0.0,0.0,-3.0,-3.0,0.0,0.0,-3.0,303,14,2,,,,,1,0,100,0.5,2,5,3,2,1,4,6
98,,,,,,,,,-0.00918638384456261,0.2163461014520419,-0.285012408074422,0.003341969564793157,-0.007122304118379362,0.41932422493864235,0.8958312324631522,-0.06115596695139969,1.0,0.0,0.0,-3.0,0.0,0.0,0.0,-3.0,0.0,0.0,0.0,-3.0,-3.0,0.0,0.0,-3.0,303,14,2,,,,,1,0,200,0.5,2,5,3,2,1,4,6
99,,,,,,,,,-0.00918638384456261,0.2163461014520419,-0.285012408074422,0.003341969564793157,-0.007122304118379362,0.41932422493864235,0.8958312324631522,-0.06115596695139969,1.0,0.0,0.0,-3.0,0.0,0.0,0.0,-3.0,0.0,0.0,0.0,-3.0,-3.0,0.0,0.0,-3.0,303,14,2,,,,,1,0,50,1.0,2,5,4,2,1,3,6
100,,,,,,,,,-0.00918638384456261,0.2163461014520419,-0.285012408074422,0.003341969564793157,-0.007122304118379362,0.41932422493864235,0.8958312324631522,-0.06115596695139969,1.0,0.0,0.0,-3.0,0.0,0.0,0.0,-3.0,0.0,0.0,0.0,-3.0,-3.0,0.0,0.0,-3.0,303,14,2,,,,,1,0,100,1.0,2,5,3,2,1,4,6
101,,,,,,,,,-0.00918638384456261,0.2163461014520419,-0.285012408074422,0.003341969564793157,-0.007122304118379362,0.41932422493864235,0.8958312324631522,-0.06115596695139969,1.0,0.0,0.0,-3.0,0.0,0.0,0.0,-3.0,0.0,0.0,0.0,-3.0,-3.0,0.0,0.0,-3.0,303,14,2,,,,,1,0,200,1.0,2,4,3,2,1,5,6
102,,,,,,,,,-0.00918638384456261,0.2163461014520419,-0.285012408074422,0.003341969564793157,-0.007122304118379362,0.41932422493864235,0.8958312324631522,-0.06115596695139969,1.0,0.0,0.0,-3.0,0.0,0.0,0.0,-3.0,0.0,0.0,0.0,-3.0,-3.0,0.0,0.0,-3.0,303,14,2,,,,,1,0,50,0.5,4,5,3,2,1,4,6
103,,,,,,,,,-0.00918638384456261,0.2163461014520419,-0.285012408074422,0.003341969564793157,-0.007122304118379362,0.41932422493864235,0.8958312324631522,-0.06115596695139969,1.0,0.0,0.0,-3.0,0.0,0.0,0.0,-3.0,0.0,0.0,0.0,-3.0,-3.0,0.0,0.0,-3.0,303,14,2,,,,,1,0,100,0.5,4,5,3,2,1,4,6
104,,,,,,,,,-0.00918638384456261,0.2163461014520419,-0.285012408074422,0.003341969564793157,-0.007122304118379362,0.41932422493864235,0.8958312324631522,-0.06115596695139969,1.0,0.0,0.0,-3.0,0.0,0.0,0.0,-3.0,0.0,0.0,0.0,-3.0,-3.0,0.0,0.0,-3.0,303,14,2,,,,,1,0,200,0.5,4,5,3,2,1,4,6
105,,,,,,,,,-0.00918638384456261,0.2163461014520419,-0.285012408074422,0.003341969564793157,-0.007122304118379362,0.41932422493864235,0.8958312324631522,-0.06115596695139969,1.0,0.0,0.0,-3.0,0.0,0.0,0.0,-3.0,0.0,0.0,0.0,-3.0,-3.0,0.0,0.0,-3.0,303,14,2,,,,,1,0,50,1.0,4,5,3,2,1,4,6
106,,,,,,,,,-0.00918638384456261,0.2163461014520419,-0.285012408074422,0.003341969564793157,-0.007122304118379362,0.41932422493864235,0.8958312324631522,-0.06115596695139969,1.0,0.0,0.0,-3.0,0.0,0.0,0.0,-3.0,0.0,0.0,0.0,-3.0,-3.0,0.0,0.0,-3.0,303,14,2,,,,,1,0,100,1.0,4,4,3,2,1,5,6
107,,,,,,,,,-0.00918638384456261,0.2163461014520419,-0.285012408074422,0.003341969564793157,-0.007122304118379362,0.41932422493864235,0.8958312324631522,-0.06115596695139969,1.0,0.0,0.0,-3.0,0.0,0.0,0.0,-3.0,0.0,0.0,0.0,-3.0,-3.0,0.0,0.0,-3.0,303,14,2,,,,,1,0,200,1.0,4,4,3,2,1,5,6
108,,,,,,,,,-0.00918638384456261,0.2163461014520419,-0.285012408074422,0.003341969564793157,-0.007122304118379362,0.41932422493864235,0.8958312324631522,-0.06115596695139969,1.0,0.0,0.0,-3.0,0.0,0.0,0.0,-3.0,0.0,0.0,0.0,-3.0,-3.0,0.0,0.0,-3.0,303,14,2,,,,,0,1,50,0.5,1,5,3,2,1,4,6
109,,,,,,,,,-0.00918638384456261,0.2163461014520419,-0.285012408074422,0.003341969564793157,-0.007122304118379362,0.41932422493864235,0.8958312324631522,-0.06115596695139969,1.0,0.0,0.0,-3.0,0.0,0.0,0.0,-3.0,0.0,0.0,0.0,-3.0,-3.0,0.0,0.0,-3.0,303,14,2,,,,,0,1,100,0.5,1,4,1,2,3,5,6
110,,,,,,,,,-0.00918638384456261,0.2163461014520419,-0.285012408074422,0.003341969564793157,-0.007122304118379362,0.41932422493864235,0.8958312324631522,-0.06115596695139969,1.0,0.0,0.0,-3.0,0.0,0.0,0.0,-3.0,0.0,0.0,0.0,-3.0,-3.0,0.0,0.0,-3.0,303,14,2,,,,,0,1,200,0.5,1,3,4,1,2,5,6
111,,,,,,,,,-0.00918638384456261,0.2163461014520419,-0.285012408074422,0.003341969564793157,-0.007122304118379362,0.41932422493864235,0.8958312324631522,-0.06115596695139969,1.0,0.0,0.0,-3.0,0.0,0.0,0.0,-3.0,0.0,0.0,0.0,-3.0,-3.0,0.0,0.0,-3.0,303,14,2,,,,,0,1,50,1.0,1,5,4,1,2,3,6
112,,,,,,,,,-0.00918638384456261,0.2163461014520419,-0.285012408074422,0.003341969564793157,-0.007122304118379362,0.41932422493864235,0.8958312324631522,-0.06115596695139969,1.0,0.0,0.0,-3.0,0.0,0.0,0.0,-3.0,0.0,0.0,0.0,-3.0,-3.0,0.0,0.0,-3.0,303,14,2,,,,,0,1,100,1.0,1,4,3,2,1,5,6
113,,,,,,,,,-0.00918638384456261,0.2163461014520419,-0.285012408074422,0.003341969564793157,-0.007122304118379362,0.41932422493864235,0.8958312324631522,-0.06115596695139969,1.0,0.0,0.0,-3.0,0.0,0.0,0.0,-3.0,0.0,0.0,0.0,-3.0,-3.0,0.0,0.0,-3.0,303,14,2,,,,,0,1,200,1.0,1,4,3,2,1,5,6
114,,,,,,,,,-0.00918638384456261,0.2163461014520419,-0.285012408074422,0.003341969564793157,-0.007122304118379362,0.41932422493864235,0.8958312324631522,-0.06115596695139969,1.0,0.0,0.0,-3.0,0.0,0.0,0.0,-3.0,0.0,0.0,0.0,-3.0,-3.0,0.0,0.0,-3.0,303,14,2,,,,,0,1,50,0.5,2,5,3,2,1,4,6
115,,,,,,,,,-0.00918638384456261,0.2163461014520419,-0.285012408074422,0.003341969564793157,-0.007122304118379362,0.41932422493864235,0.8958312324631522,-0.06115596695139969,1.0,0.0,0.0,-3.0,0.0,0.0,0.0,-3.0,0.0,0.0,0.0,-3.0,-3.0,0.0,0.0,-3.0,303,14,2,,,,,0,1,100,0.5,2,4,3,2,1,5,6
116,,,,,,,,,-0.00918638384456261,0.2163461014520419,-0.285012408074422,0.003341969564793157,-0.007122304118379362,0.41932422493864235,0.8958312324631522,-0.06115596695139969,1.0,0.0,0.0,-3.0,0.0,0.0,0.0,-3.0,0.0,0.0,0.0,-3.0,-3.0,0.0,0.0,-3.0,303,14,2,,,,,0,1,200,0.5,2,3,4,2,1,5,6
117,,,,,,,,,-0.00918638384456261,0.2163461014520419,-0.285012408074422,0.003341969564793157,-0.007122304118379362,0.41932422493864235,0.8958312324631522,-0.06115596695139969,1.0,0.0,0.0,-3.0,0.0,0.0,0.0,-3.0,0.0,0.0,0.0,-3.0,-3.0,0.0,0.0,-3.0,303,14,2,,,,,0,1,50,1.0,2,5,3,2,1,4,6
118,,,,,,,,,-0.00918638384456261,0.2163461014520419,-0.285012408074422,0.003341969564793157,-0.007122304118379362,0.41932422493864235,0.8958312324631522,-0.06115596695139969,1.0,0.0,0.0,-3.0,0.0,0.0,0.0,-3.0,0.0,0.0,0.0,-3.0,-3.0,0.0,0.0,-3.0,303,14,2,,,,,0,1,100,1.0,2,4,3,2,1,5,6
119,,,,,,,,,-0.00918638384456261,0.2163461014520419,-0.285012408074422,0.003341969564793157,-0.007122304118379362,0.41932422493864235,0.8958312324631522,-0.06115596695139969,1.0,0.0,0.0,-3.0,0.0,0.0,0.0,-3.0,0.0,0.0,0.0,-3.0,-3.0,0.0,0.0,-3.0,303,14,2,,,,,0,1,200,1.0,2,4,3,2,1,5,6
120,,,,,,,,,-0.00918638384456261,0.2163461014520419,-0.285012408074422,0.003341969564793157,-0.007122304118379362,0.41932422493864235,0.8958312324631522,-0.06115596695139969,1.0,0.0,0.0,-3.0,0.0,0.0,0.0,-3.0,0.0,0.0,0.0,-3.0,-3.0,0.0,0.0,-3.0,303,14,2,,,,,0,1,50,0.5,4,5,3,2,1,4,6
121,,,,,,,,,-0.00918638384456261,0.2163461014520419,-0.285012408074422,0.003341969564793157,-0.007122304118379362,0.41932422493864235,0.8958312324631522,-0.06115596695139969,1.0,0.0,0.0,-3.0,0.0,0.0,0.0,-3.0,0.0,0.0,0.0,-3.0,-3.0,0.0,0.0,-3.0,303,14,2,,,,,0,1,100,0.5,4,5,3,2,1,4,6
122,,,,,,,,,-0.00918638384456261,0.2163461014520419,-0.285012408074422,0.003341969564793157,-0.007122304118379362,0.41932422493864235,0.8958312324631522,-0.06115596695139969,1.0,0.0,0.0,-3.0,0.0,0.0,0.0,-3.0,0.0,0.0,0.0,-3.0,-3.0,0.0,0.0,-3.0,303,14,2,,,,,0,1,200,0.5,4,5,3,2,1,4,6
123,,,,,,,,,-0.00918638384456261,0.2163461014520419,-0.285012408074422,0.003341969564793157,-0.007122304118379362,0.41932422493864235,0.8958312324631522,-0.06115596695139969,1.0,0.0,0.0,-3.0,0.0,0.0,0.0,-3.0,0.0,0.0,0.0,-3.0,-3.0,0.0,0.0,-3.0,303,14,2,,,,,0,1,50,1.0,4,5,3,2,1,4,6
124,,,,,,,,,-0.00918638384456261,0.2163461014520419,-0.285012408074422,0.003341969564793157,-0.007122304118379362,0.41932422493864235,0.8958312324631522,-0.06115596695139969,1.0,0.0,0.0,-3.0,0.0,0.0,0.0,-3.0,0.0,0.0,0.0,-3.0,-3.0,0.0,0.0,-3.0,303,14,2,,,,,0,1,100,1.0,4,5,3,2,1,4,6
125,,,,,,,,,-0.00918638384456261,0.2163461014520419,-0.285012408074422,0.003341969564793157,-0.007122304118379362,0.41932422493864235,0.8958312324631522,-0.06115596695139969,1.0,0.0,0.0,-3.0,0.0,0.0,0.0,-3.0,0.0,0.0,0.0,-3.0,-3.0,0.0,0.0,-3.0,303,14,2,,,,,0,1,200,1.0,4,5,3,2,1,4,6
126,,,,,,,,,-0.00918638384456261,0.2163461014520419,-0.285012408074422,0.003341969564793157,-0.007122304118379362,0.41932422493864235,0.8958312324631522,-0.06115596695139969,1.0,0.0,0.0,-3.0,0.0,0.0,0.0,-3.0,0.0,0.0,0.0,-3.0,-3.0,0.0,0.0,-3.0,303,14,2,,,,,0,0,50,0.5,1,4,3,1,2,5,6
127,,,,,,,,,-0.00918638384456261,0.2163461014520419,-0.285012408074422,0.003341969564793157,-0.007122304118379362,0.41932422493864235,0.8958312324631522,-0.06115596695139969,1.0,0.0,0.0,-3.0,0.0,0.0,0.0,-3.0,0.0,0.0,0.0,-3.0,-3.0,0.0,0.0,-3.0,303,14,2,,,,,0,0,100,0.5,1,4,1,2,3,5,6
128,,,,,,,,,-0.00918638384456261,0.2163461014520419,-0.285012408074422,0.003341969564793157,-0.007122304118379362,0.41932422493864235,0.8958312324631522,-0.06115596695139969,1.0,0.0,0.0,-3.0,0.0,0.0,0.0,-3.0,0.0,0.0,0.0,-3.0,-3.0,0.0,0.0,-3.0,303,14,2,,,,,0,0,200,0.5,1,4,3,2,1,5,6
129,,,,,,,,,-0.00918638384456261,0.2163461014520419,-0.285012408074422,0.003341969564793157,-0.007122304118379362,0.41932422493864235,0.8958312324631522,-0.06115596695139969,1.0,0.0,0.0,-3.0,0.0,0.0,0.0,-3.0,0.0,0.0,0.0,-3.0,-3.0,0.0,0.0,-3.0,303,14,2,,,,,0,0,50,1.0,1,5,3,2,1,4,6
130,,,,,,,,,-0.00918638384456261,0.2163461014520419,-0.285012408074422,0.003341969564793157,-0.007122304118379362,0.41932422493864235,0.8958312324631522,-0.06115596695139969,1.0,0.0,0.0,-3.0,0.0,0.0,0.0,-3.0,0.0,0.0,0.0,-3.0,-3.0,0.0,0.0,-3.0,303,14,2,,,,,0,0,100,1.0,1,5,3,2,1,4,6
131,,,,,,,,,-0.00918638384456261,0.2163461014520419,-0.285012408074422,0.003341969564793157,-0.007122304118379362,0.41932422493864235,0.8958312324631522,-0.06115596695139969,1.0,0.0,0.0,-3.0,0.0,0.0,0.0,-3.0,0.0,0.0,0.0,-3.0,-3.0,0.0,0.0,-3.0,303,14,2,,,,,0,0,200,1.0,1,4,3,1,2,5,6
132,,,,,,,,,-0.00918638384456261,0.2163461014520419,-0.285012408074422,0.003341969564793157,-0.007122304118379362,0.41932422493864235,0.8958312324631522,-0.06115596695139969,1.0,0.0,0.0,-3.0,0.0,0.0,0.0,-3.0,0.0,0.0,0.0,-3.0,-3.0,0.0,0.0,-3.0,303,14,2,,,,,0,0,50,0.5,2,5,3,2,1,4,6
133,,,,,,,,,-0.00918638384456261,0.2163461014520419,-0.285012408074422,0.003341969564793157,-0.007122304118379362,0.41932422493864235,0.8958312324631522,-0.06115596695139969,1.0,0.0,0.0,-3.0,0.0,0.0,0.0,-3.0,0.0,0.0,0.0,-3.0,-3.0,0.0,0.0,-3.0,303,14,2,,,,,0,0,100,0.5,2,5,2,3,1,4,6
134,,,,,,,,,-0.00918638384456261,0.2163461014520419,-0.285012408074422,0.003341969564793157,-0.007122304118379362,0.41932422493864235,0.8958312324631522,-0.06115596695139969,1.0,0.0,0.0,-3.0,0.0,0.0,0.0,-3.0,0.0,0.0,0.0,-3.0,-3.0,0.0,0.0,-3.0,303,14,2,,,,,0,0,200,0.5,2,4,3,2,1,5,6
135,,,,,,,,,-0.00918638384456261,0.2163461014520419,-0.285012408074422,0.003341969564793157,-0.007122304118379362,0.41932422493864235,0.8958312324631522,-0.06115596695139969,1.0,0.0,0.0,-3.0,0.0,0.0,0.0,-3.0,0.0,0.0,0.0,-3.0,-3.0,0.0,0.0,-3.0,303,14,2,,,,,0,0,50,1.0,2,5,3,2,1,4,6
136,,,,,,,,,-0.00918638384456261,0.2163461014520419,-0.285012408074422,0.003341969564793157,-0.007122304118379362,0.41932422493864235,0.8958312324631522,-0.06115596695139969,1.0,0.0,0.0,-3.0,0.0,0.0,0.0,-3.0,0.0,0.0,0.0,-3.0,-3.0,0.0,0.0,-3.0,303,14,2,,,,,0,0,100,1.0,2,5,3,2,1,4,6
137,,,,,,,,,-0.00918638384456261,0.2163461014520419,-0.285012408074422,0.003341969564793157,-0.007122304118379362,0.41932422493864235,0.8958312324631522,-0.06115596695139969,1.0,0.0,0.0,-3.0,0.0,0.0,0.0,-3.0,0.0,0.0,0.0,-3.0,-3.0,0.0,0.0,-3.0,303,14,2,,,,,0,0,200,1.0,2,5,3,2,1,4,6
138,,,,,,,,,-0.00918638384456261,0.2163461014520419,-0.285012408074422,0.003341969564793157,-0.007122304118379362,0.41932422493864235,0.8958312324631522,-0.06115596695139969,1.0,0.0,0.0,-3.0,0.0,0.0,0.0,-3.0,0.0,0.0,0.0,-3.0,-3.0,0.0,0.0,-3.0,303,14,2,,,,,0,0,50,0.5,4,4,3,2,1,5,6
139,,,,,,,,,-0.00918638384456261,0.2163461014520419,-0.285012408074422,0.003341969564793157,-0.007122304118379362,0.41932422493864235,0.8958312324631522,-0.06115596695139969,1.0,0.0,0.0,-3.0,0.0,0.0,0.0,-3.0,0.0,0.0,0.0,-3.0,-3.0,0.0,0.0,-3.0,303,14,2,,,,,0,0,100,0.5,4,5,3,2,1,4,6
140,,,,,,,,,-0.00918638384456261,0.2163461014520419,-0.285012408074422,0.003341969564793157,-0.007122304118379362,0.41932422493864235,0.8958312324631522,-0.06115596695139969,1.0,0.0,0.0,-3.0,0.0,0.0,0.0,-3.0,0.0,0.0,0.0,-3.0,-3.0,0.0,0.0,-3.0,303,14,2,,,,,0,0,200,0.5,4,5,3,2,1,4,6
141,,,,,,,,,-0.00918638384456261,0.2163461014520419,-0.285012408074422,0.003341969564793157,-0.007122304118379362,0.41932422493864235,0.8958312324631522,-0.06115596695139969,1.0,0.0,0.0,-3.0,0.0,0.0,0.0,-3.0,0.0,0.0,0.0,-3.0,-3.0,0.0,0.0,-3.0,303,14,2,,,,,0,0,50,1.0,4,5,3,2,1,4,6
142,,,,,,,,,-0.00918638384456261,0.2163461014520419,-0.285012408074422,0.003341969564793157,-0.007122304118379362,0.41932422493864235,0.8958312324631522,-0.06115596695139969,1.0,0.0,0.0,-3.0,0.0,0.0,0.0,-3.0,0.0,0.0,0.0,-3.0,-3.0,0.0,0.0,-3.0,303,14,2,,,,,0,0,100,1.0,4,4,3,2,1,5,6
143,,,,,,,,,-0.00918638384456261,0.2163461014520419,-0.285012408074422,0.003341969564793157,-0.007122304118379362,0.41932422493864235,0.8958312324631522,-0.06115596695139969,1.0,0.0,0.0,-3.0,0.0,0.0,0.0,-3.0,0.0,0.0,0.0,-3.0,-3.0,0.0,0.0,-3.0,303,14,2,,,,,0,0,200,1.0,4,5,3,2,1,4,6
