"oz1","oz2","oz3","oz4","oz5","oz6","oz7","oz8","oz9","oz10","oz11","oz12","oz13","oz14","oz15","oz16","oz17","oz18","oz19","oz20","oz21","oz22","oz23","oz24","oz25","oz26"
-1.7084191e+000,-1.0965971e+000,-5.1772306e-001,-1.3002857e+000,-1.0037178e+000,1.0048311e+000,-1.6062366e+000,4.4586256e-001,7.5304836e-001,1.2697635e+000,-5.8747673e-001,4.3782169e-001,2.3588920e-001,-3.6661282e-001,5.7367906e-001,1.1141452e+000,1.7309104e+000,7.0789288e-001,-1.6842355e+000,-1.2562825e+000,1.4471637e+000,-1.7868169e-001,3.8806976e-001,1.5326187e-001,1.0646832e+000,-1.0084817e+000
3.4755696e-001,6.2691665e-001,2.3472503e+000,1.4459924e+000,1.8719799e+000,6.5816465e-001,-5.1787992e-001,5.7885706e-002,-9.4644211e-001,-4.4986094e-001,1.1082848e+000,4.9776765e-001,8.0705578e-002,-1.1232056e+000,-7.7181447e-001,-1.5606439e+000,-1.1665167e+000,-1.3815506e+000,7.0261761e-001,-2.5328824e-001,-7.5346934e-002,1.7404008e+000,1.1773893e+000,1.4995131e+000,3.6809606e-001,1.0116262e-001
-6.0228722e-001,-6.3765522e-001,-7.6070043e-001,-5.7380440e-001,-9.7968094e-001,-5.9661983e-001,-1.4516369e+000,9.5104303e-001,-1.1790230e+000,1.6984421e+000,-8.2559878e-001,-4.8221431e-001,-1.1918867e+000,-4.0025588e-002,1.4218575e+000,-1.0991709e+000,-1.1109101e+000,-1.5504248e+000,-1.2730282e+000,-1.1198971e+000,-1.1260563e+000,-1.4014450e-003,4.5423677e-001,-6.4072859e-001,-1.3026104e+000,4.8628930e-001
9.9468769e-001,4.8361466e-001,1.5114601e-001,-2.9415629e-001,1.9341617e-001,6.3821350e-001,7.0485832e-001,1.4001459e+000,-6.8638177e-001,4.1035482e-001,-1.1326420e-001,-1.4468482e+000,7.6748855e-001,-1.3797406e+000,-8.3023588e-001,-1.9723738e+000,1.3598587e+000,1.1566222e+000,-1.8083627e-001,1.0397030e+000,9.4681466e-002,1.6973280e+000,-1.5454057e+000,-9.4987771e-001,1.5630723e+000,-2.1783474e+000
1.2115689e+000,8.5507106e-001,3.9549210e-001,-1.3708164e+000,9.2064044e-001,1.3537566e+000,1.2430823e+000,-1.4401788e-001,-1.0683141e+000,1.0572862e+000,-7.7379677e-001,4.8166180e-001,-1.7563179e+000,1.7225343e+000,-5.5030617e-001,9.7660825e-001,1.7860175e+000,1.6847856e+000,-1.0402976e+000,-9.4906962e-001,9.6380030e-001,-9.3066242e-003,-7.3242193e-001,-1.2654356e+000,-7.3451385e-001,-2.1168814e+000
-2.1780944e-001,2.2386236e-001,-5.9480795e-001,2.5717066e-001,-8.8167310e-001,-5.9463511e-001,1.1289561e+000,-1.1484333e+000,3.0859164e-001,7.1479272e-001,-1.2424836e+000,-1.2929099e+000,5.0463904e-002,9.8494359e-001,6.9375371e-001,-2.0578284e+000,2.4475891e-001,-9.9358875e-001,1.7426725e+000,3.5124748e-001,-1.4651073e+000,8.1505177e-001,-8.7124782e-001,-3.6373166e-001,-1.1590765e+000,8.7005026e-001
-7.9179952e-001,-1.2847259e+000,-6.9511788e-001,7.8514556e-001,-5.1417367e-001,-2.7968002e-001,-1.5006675e+000,-1.2566632e+000,-1.3866653e+000,1.7895774e-001,1.2727203e+000,6.6135616e-001,-1.6819584e+000,-1.0788049e+000,-1.0615851e+000,4.2033921e-001,3.3756602e-001,-6.6844894e-001,1.5791469e+000,1.6203832e+000,1.0048605e+000,-8.8074225e-001,-1.5860818e+000,-6.2904749e-001,-7.6054873e-001,5.1646935e-002
-7.0072343e-002,-2.1790721e-001,-6.4077044e-001,-8.8230430e-001,-8.4644701e-001,-6.0858480e-002,4.5854545e-001,1.2948702e+000,-1.5516116e+000,1.1039808e+000,3.2188564e-001,7.2942719e-001,-1.4580385e+000,-1.0554855e+000,6.9733375e-001,-3.1343710e-002,-4.8154937e-002,4.5033429e-002,3.5649668e-002,-9.5428079e-001,6.6193001e-001,-6.5649872e-001,9.2738158e-001,-9.2070533e-001,-1.3790097e+000,5.6985566e-001
1.1516474e+000,1.5704083e+000,3.0330559e+000,1.4087397e+000,2.8824682e+000,3.7766267e-001,-1.5086425e+000,1.6034062e+000,-5.2473688e-001,-1.0248495e+000,-1.3902278e+000,-1.4268216e+000,-1.0491529e+000,1.3905812e+000,-1.8026236e+000,7.7375335e-001,1.2534257e+000,9.1545424e-002,1.3628515e+000,-1.4305784e+000,-1.1597361e+000,-1.3921788e+000,1.2339530e+000,1.1261842e+000,-2.9500886e-001,2.5683608e+000
-1.2305538e+000,-6.1891772e-001,-8.5346443e-001,-1.4601243e+000,-8.6723289e-001,-5.4627001e-001,-7.0299590e-002,-1.9549449e-001,1.2176702e-002,-1.3841745e+000,-1.2080186e+000,-2.7097336e-001,-1.2064620e+000,-1.8079287e+000,5.8316052e-002,-2.2705765e-001,-2.2613512e-001,-4.0309031e-001,-2.8419922e-001,-1.1556417e+000,1.2200493e+000,1.3943762e+000,7.3367218e-003,2.5999107e-001,-9.8497609e-002,-2.2655477e-001
-2.1260101e-001,-1.1229910e+000,-1.0834833e+000,6.4520788e-001,-9.1845699e-001,-1.5252045e+000,6.5689936e-001,6.7194626e-001,-6.3741115e-001,-1.4044644e+000,-2.8349446e-001,-3.7167130e-001,1.8326363e+000,-1.5052863e+000,-1.4811642e+000,-4.2416772e-001,4.5467484e-001,-7.0953755e-001,-1.6036592e+000,6.2109938e-001,-1.9831178e-001,1.2849555e-001,1.3960798e+000,7.3866407e-001,6.0646133e-001,8.0540502e-001
-5.1138077e-001,-1.0743498e+000,-7.0827699e-001,-6.2760807e-001,-1.3076583e+000,7.6480230e-002,-1.2263952e+000,1.6876676e+000,3.3609329e-001,-2.3195277e-001,-7.2172258e-001,4.9060830e-001,3.6382506e-001,-3.5615960e-001,-1.3188738e+000,1.0482752e+000,-5.2029300e-001,1.4971686e+000,-6.3825768e-001,-1.3409995e+000,2.1513971e-001,-4.4656051e-001,1.0795413e+000,1.0486191e+000,1.6915908e+000,-4.0857527e-001
1.8687695e+000,1.5440020e+000,1.9030849e-001,-8.6539802e-001,3.8134612e-001,-8.7181742e-001,1.4019031e+000,-3.7976178e-001,-5.6891253e-001,-7.6054067e-001,6.1750303e-001,-5.1896731e-001,4.4562084e-001,-1.3673480e+000,1.0842695e+000,-1.5814869e+000,1.1507219e+000,8.1591485e-002,6.4023610e-002,3.8705362e-001,1.0981588e+000,-9.9995899e-001,7.4975710e-001,1.2264807e+000,1.3094221e+000,6.0605765e-001
-2.1803101e-002,-6.8937800e-001,-8.1593444e-001,-9.3915635e-001,-1.0209757e+000,-5.8852647e-001,1.7503544e+000,-1.3515133e+000,-1.2877748e+000,-2.4313651e-001,-1.3679019e+000,6.4313269e-001,1.5012518e+000,-1.3059616e+000,4.5865685e-001,-1.5304291e-001,6.4605769e-001,-6.2038087e-002,-8.6735957e-001,-1.1218404e+000,-9.7002864e-001,1.7112224e+000,-1.2778911e+000,-6.1049530e-001,1.0599730e-001,4.6288013e-001
1.1737646e+000,1.6462518e+000,4.9699233e-002,-8.1302444e-001,2.4686029e-001,-4.5096565e-001,3.3431427e-001,1.0113337e+000,5.1407948e-001,1.6140090e+000,1.1337570e+000,-1.0009053e+000,-5.4321639e-001,-3.4258557e-001,-9.9640701e-001,-8.0208969e-001,-7.6989672e-001,-1.0980533e+000,-1.4857582e+000,7.4974926e-001,1.2059998e+000,-1.0629129e+000,-8.1535421e-001,-1.3863012e+000,-1.3067783e+000,2.9117621e-001
-2.2394879e-002,-2.6345419e-001,-1.0115264e+000,-1.3570130e+000,-8.1634753e-001,1.0476658e+000,1.8582907e+000,-3.6191820e-001,1.3021453e+000,2.3486337e-001,1.1344420e+000,-1.0206065e+000,5.3991751e-001,-5.4531285e-001,5.3548551e-001,2.8109541e-001,1.0028252e+000,-1.4017270e+000,-4.8009035e-001,-1.3234470e+000,-1.5511106e+000,1.0905488e-001,-1.2176760e+000,-7.8796188e-001,8.4849879e-001,3.7739183e-001
7.3660494e-001,1.4557161e+000,2.8326458e-001,-5.1830147e-001,5.7878343e-001,-5.2396819e-001,-6.1887162e-001,-4.0770310e-001,1.1985637e+000,-3.4305765e-001,1.4881476e+000,1.7605591e+000,-4.2891321e-001,-5.2869874e-001,-1.6233468e+000,-2.2448784e-001,1.6661224e+000,-1.4292878e+000,9.6660902e-001,-5.4634137e-001,1.6793610e+000,8.3434622e-001,-1.1667520e+000,-1.2883524e+000,1.3519646e-001,-1.3956900e+000
-5.7375031e-001,-7.0676289e-001,-8.3272882e-001,1.0405507e+000,-4.1236644e-001,-7.4622669e-001,5.3665535e-001,1.1840122e+000,2.8226676e-001,1.5150580e+000,-1.3360078e+000,-2.9480817e-001,1.5321088e+000,7.7433859e-001,1.3517141e+000,7.0791774e-001,-1.1584984e+000,-1.0223697e+000,-1.3515301e+000,1.5946017e+000,-1.6489988e+000,-4.8717469e-001,-1.5774428e+000,-4.0717868e-001,-1.6092848e+000,1.2795379e+000
-7.2349880e-001,-1.4307958e+000,-4.8877699e-001,1.7255913e+000,-4.9963346e-001,9.8970825e-001,1.7386671e-002,6.8074852e-001,1.5584162e+000,8.8715177e-001,6.1076267e-001,-1.6302661e+000,-3.7868520e-001,8.1486628e-001,-5.7558748e-001,-1.0651545e-001,8.7294470e-001,-1.2365960e-001,-1.4500546e+000,-1.3975456e+000,-9.9669019e-001,-1.3468375e+000,1.4230323e+000,1.3096534e+000,9.9456389e-001,3.8942748e-001
-5.0375753e-001,2.3058499e-001,1.9437037e-002,-6.4065751e-001,-2.3799949e-001,3.2729389e-001,-1.0583608e-001,-1.4895900e+000,-7.8896299e-001,3.5717949e-001,6.9077029e-001,1.7219644e+000,7.2120751e-001,-1.0581704e+000,-1.1854729e+000,-5.7518460e-001,-3.8603846e-001,1.3597690e+000,-1.5490581e+000,1.1326047e+000,2.1554992e-001,2.2608217e-001,-1.4513898e+000,9.0891142e-002,5.9097789e-001,5.0737680e-001
5.0463455e-001,1.5552843e+000,3.0323066e-001,-6.0205370e-001,1.8461489e-001,4.7114001e-001,-6.6279980e-001,-1.0123949e+000,7.8865142e-001,1.4729289e+000,8.8887326e-001,-1.5343280e+000,3.4349213e-001,-3.9840328e-001,4.3345201e-001,5.7963372e-001,1.0465505e+000,8.2883518e-001,2.3221479e-001,1.4104166e+000,1.0703595e+000,4.8423306e-003,-8.7567448e-001,1.3387286e+000,-7.0277432e-001,-1.7912493e+000
-5.1062196e-001,6.7060660e-002,2.0969946e-001,-1.3492778e+000,2.7540603e-001,-1.8022507e+000,-7.3549543e-002,-9.5135990e-002,-1.0631255e+000,5.7304147e-001,5.1268855e-001,1.4427723e+000,3.7541423e-001,1.6500666e-001,-6.9703809e-001,8.4918593e-001,1.5257976e-001,1.1783382e+000,2.8139940e-001,1.5901894e-001,7.6941383e-002,9.3023443e-001,6.2791622e-001,-4.8295285e-001,5.1189913e-001,1.1402630e-001
3.8826873e-001,1.4936154e-001,1.2150578e+000,1.6659083e+000,9.8792711e-001,-6.2722096e-001,-6.7181058e-001,3.6415171e-001,-1.5114960e+000,-1.5620785e+000,-1.3047133e+000,-1.0816619e+000,1.5403574e+000,-8.0062929e-001,7.5186770e-001,-4.1410992e-001,1.0961089e+000,1.0945723e+000,2.5083590e-001,1.2444861e+000,-1.1561959e+000,-1.0803100e+000,1.2841850e+000,-1.0276918e+000,-8.0786935e-001,6.1857502e-001
-1.1185079e+000,-1.2271079e+000,-4.8432054e-001,-1.1675932e+000,-9.6027616e-001,-9.8487694e-001,1.9879959e-001,-1.4045961e-001,1.3310728e+000,-1.4989662e+000,-6.5322907e-001,1.6194831e+000,4.2700417e-002,-7.0151984e-001,1.1164068e+000,4.0091254e-001,1.1765369e+000,-1.0323672e+000,-9.4087167e-001,2.8506003e-001,1.7823622e-001,3.6524265e-001,1.6796268e+000,6.8046200e-001,-5.4270566e-001,-9.2518405e-001
1.6655854e+000,9.6547580e-001,5.2925282e-001,-1.1582141e-001,8.5737345e-001,-2.4720590e-001,-1.2731223e+000,1.2951951e-001,1.3070257e+000,1.5177406e+000,7.7829787e-001,-5.8635402e-001,-1.7948102e+000,1.3352816e+000,-1.8363552e+000,-7.8727243e-001,4.6263286e-001,-1.2841095e+000,-1.7743636e+000,-3.9379432e-002,7.5826482e-001,-1.4114570e+000,-7.8135996e-001,1.4549676e+000,2.8240771e-001,-2.7980748e-001
2.8091020e-001,-3.5990336e-001,1.8992420e-001,-1.8371517e-001,2.1277611e-001,-1.5542090e+000,3.0670065e-001,-8.5554326e-001,1.4691560e+000,-4.5024182e-001,2.4516336e-001,9.1727119e-001,-4.7012484e-001,7.9931693e-001,8.0891717e-001,3.7995543e-001,-9.7814769e-001,4.7812513e-001,-8.1887061e-001,1.3704799e+000,1.0196851e+000,2.5204505e-001,1.5419576e+000,5.7033302e-001,-1.4421157e-001,7.3865157e-001
1.1132306e-001,7.9947313e-001,2.0608605e+000,1.5495943e+000,1.5070383e+000,1.0938809e+000,1.7108758e-001,1.5270658e+000,2.9727752e-001,4.8012075e-001,1.5063334e+000,-6.1701952e-001,1.3930315e+000,-1.6920489e+000,1.1034019e-002,1.3806752e+000,-3.8283864e-002,1.1576519e+000,-7.1315874e-001,1.4855574e+000,1.3519338e-001,1.6058045e+000,-9.7611813e-001,-5.6969119e-001,-1.2951530e+000,-1.1152391e-001
-3.8943062e-001,-8.4812336e-001,6.3193809e-002,4.1079765e-001,-4.2404215e-001,1.0521109e+000,1.1818292e+000,8.2422463e-001,1.7201572e+000,-1.5756579e+000,-4.7965946e-001,3.8251207e-001,-1.3717235e+000,-1.7525501e+000,1.3450140e+000,-1.3969870e+000,1.6882414e+000,1.5815316e+000,-4.3671750e-001,-1.5532173e+000,-1.1870462e+000,8.9844223e-001,1.2166997e+000,4.7949521e-002,-1.5993718e+000,4.4965095e-001
-1.0194246e+000,-1.4037793e+000,-8.8934094e-001,4.6203777e-001,-9.3122544e-001,1.2457452e+000,4.3917985e-001,-7.9145245e-001,-7.5657066e-001,-1.4415258e+000,8.2725846e-001,1.2713334e+000,1.5324728e+000,-1.0893854e+000,4.6205654e-001,2.7084046e-001,-6.5759023e-002,-1.5051232e+000,1.1753115e+000,-1.5629567e+000,-7.5887361e-001,-1.2051274e+000,6.9142236e-001,-5.6516937e-001,6.8799497e-001,7.7046475e-002
1.4853238e+000,1.2114401e+000,4.4725144e-001,-2.1905872e-001,7.9658807e-001,1.0093480e+000,1.5335104e+000,6.6660421e-001,-7.2639698e-001,-1.2784049e+000,1.7077921e+000,-1.2763685e+000,-8.0602395e-001,1.6779122e+000,6.6798092e-001,1.8023579e-001,-1.5670687e+000,-8.8829571e-001,5.6205712e-001,-1.8166351e-001,2.2248904e-001,-8.5840731e-001,-8.6178498e-001,1.1365868e-002,7.7542572e-001,1.4190877e-001
-1.7060808e+000,-1.3492777e+000,-8.1320463e-001,-1.1366000e+000,-7.5276759e-001,9.9963871e-001,-7.6845283e-001,-6.8817440e-001,-4.7697042e-001,8.6904540e-001,-9.6504120e-001,1.3803356e+000,1.8284079e+000,1.7619198e+000,-1.1032110e+000,3.4283038e-001,-1.6415493e+000,-1.2542686e-001,2.9931147e-001,-4.5332073e-001,7.1694874e-001,9.4906415e-002,1.7142056e-001,6.3818579e-001,-1.1654974e-001,-8.8811858e-001
1.0802800e+000,1.5872499e+000,4.1628835e-001,-1.7109909e-001,1.8632730e-001,-1.7131831e+000,7.5842314e-001,1.7609876e+000,-7.8331569e-001,-1.1614680e+000,1.5722267e+000,3.1246876e-001,2.9815624e-001,-7.6955174e-001,6.7949421e-001,6.7833480e-001,-1.6794202e-001,-7.5079677e-001,4.7937671e-001,8.4445732e-002,7.7137872e-001,2.0021801e-001,1.4414267e+000,-8.3609458e-001,6.4642232e-001,3.9811630e-002
-5.8161643e-001,-1.1604399e+000,8.8213637e-002,1.1072314e+000,-6.4599298e-001,-9.4086726e-001,1.2155328e+000,-1.4155616e+000,2.0631867e-001,-9.8221799e-001,1.1341906e+000,9.6201744e-001,-1.0965709e+000,1.0257385e-001,-7.6380265e-001,1.3288334e+000,-8.0808423e-001,-4.6400934e-001,4.4902147e-001,-8.5963527e-001,6.6012558e-001,-1.2369900e-001,1.2348965e+000,1.4294026e+000,-9.9502331e-001,2.4406510e-001
-5.6997798e-001,-2.6982632e-001,-2.9875328e-001,-5.7919953e-001,-3.5823849e-001,4.3529073e-001,-8.7307508e-001,-9.5869042e-001,-1.0080148e+000,1.5755131e+000,-1.1889737e+000,-1.4161009e+000,1.5110273e-001,-2.7361992e-001,-1.5981864e+000,-1.5380333e+000,5.5341787e-002,-1.5495248e+000,2.7606898e-001,-1.5019459e+000,8.7696812e-001,-1.8883973e-001,5.4157447e-001,7.5514080e-001,-1.5813802e+000,7.1723766e-001
-5.9245004e-001,-7.7128054e-001,-7.3809476e-001,7.7374891e-004,-4.2638853e-001,7.9136719e-001,6.6527306e-001,-6.4781527e-001,-1.5783845e+000,-1.3807722e+000,-1.4035447e-001,-1.7616721e-001,4.9136075e-002,-5.8947605e-001,-1.0637078e+000,1.2240492e-001,-5.8880955e-001,-3.1953759e-001,-9.0217603e-001,2.7448748e-001,-3.4864327e-001,7.1703716e-001,1.1696682e+000,7.3098185e-002,-4.0850536e-001,3.7306317e-001
-1.0441623e+000,-2.6523508e-001,-1.2634839e+000,-1.1177311e+000,-4.9207535e-001,1.1632526e+000,-7.3965272e-002,2.6840499e-001,-1.3164641e+000,1.2558140e+000,-1.0304479e+000,-3.1087817e-001,-8.1681429e-001,-2.9226827e-001,-3.3820281e-002,-3.3427851e-001,-1.0319353e+000,-2.3725514e-001,3.0440117e-004,5.7841476e-001,1.3004949e+000,1.8685111e+000,-1.6874435e+000,6.1171766e-001,-1.5458472e+000,8.0928759e-001
-1.8145720e+000,-1.4524803e+000,-1.3347349e+000,-1.0830412e+000,-8.0302312e-001,-1.6894333e+000,9.8768549e-001,-1.4029885e+000,1.7659297e+000,1.1990119e+000,1.2127308e+000,-1.5931086e+000,8.3659146e-001,6.6481582e-001,-1.3493175e+000,1.4239883e+000,1.0015328e-001,8.8468963e-001,7.8310847e-001,-1.4339351e-001,3.3918790e-001,2.0095897e-001,1.3888801e-001,-1.1360970e+000,-8.9926380e-001,-4.8714299e-001
-4.6973390e-001,-8.0075861e-001,-5.5523459e-001,8.5584777e-001,-6.2245229e-001,-1.8704634e+000,1.2274657e+000,-2.3634098e-001,1.6829450e+000,-2.4872913e-001,-7.0982368e-001,-6.1148603e-001,-1.5147782e-001,1.3912874e+000,1.3470498e+000,-1.4009275e+000,4.2782199e-002,1.1024736e+000,-1.2910270e-001,1.4878455e+000,1.4485030e+000,6.3477040e-001,-6.8024365e-001,-1.0481055e+000,3.2908190e-001,1.0266874e+000
6.0472744e-001,3.1612992e-001,-1.5581174e-001,-7.3610081e-001,-1.3469257e-001,1.6037332e+000,1.0383940e+000,9.4369370e-001,4.8462805e-001,-2.0233193e-001,-2.8041193e-001,4.8887399e-001,5.3073195e-001,1.6493012e+000,-8.3822723e-001,6.6007742e-001,-1.1642388e+000,-1.5131505e+000,-1.0775574e+000,5.3875684e-001,-1.2057374e+000,-1.2832799e+000,-9.9431854e-001,2.6891947e-001,2.7851699e-001,-1.2362477e+000
5.9805312e-001,4.7242530e-001,1.0600179e+000,1.1518046e+000,1.3645636e+000,-3.8201577e-001,1.6259399e+000,-1.2320392e-003,-6.6209832e-001,5.3618092e-001,6.3603736e-001,-4.7125963e-001,-1.6763611e-001,3.2118744e-001,9.6667235e-001,2.8238286e-001,-9.7315930e-001,9.6106853e-001,1.6428992e-001,-8.7843339e-001,4.4676470e-001,1.4051529e+000,1.2732182e-001,9.6338342e-002,-1.2995578e+000,-5.0512462e-001
8.1192397e-001,1.0603908e+000,3.5640441e-001,-3.3312875e-001,3.8377768e-001,-9.6821138e-001,-1.5393964e+000,-9.4477738e-001,-5.4372196e-001,9.3087420e-001,2.5994191e-001,2.5637002e-001,1.5917206e+000,-1.4522406e+000,8.9916678e-001,1.3995189e+000,1.5650716e-001,6.6381089e-001,4.3508771e-001,1.7641865e+000,-1.1540105e-001,-1.1872559e+000,4.6980287e-001,-1.2684148e+000,-1.0898578e+000,-2.0366107e+000
-8.1615247e-001,-1.0227672e+000,-3.2952031e-001,-2.5681272e-001,-4.6790756e-001,1.6217066e+000,-1.7111886e+000,-1.1549062e+000,1.1827071e+000,7.6307751e-002,-1.2040991e+000,2.0708932e-001,9.0910500e-001,-2.0081727e-001,-3.3984590e-001,-1.0174290e+000,1.1746032e+000,1.4541663e-001,2.3845570e-001,6.9010955e-001,-1.3168093e+000,-1.3515743e+000,-8.9274087e-001,1.6627875e+000,1.5893436e+000,-1.1742285e-001
4.4641927e-001,4.7639612e-001,-9.9126221e-001,-1.0686309e+000,-5.9853770e-001,-1.0810548e+000,-4.8798847e-001,1.9498390e+000,7.8002821e-001,1.3250592e+000,-5.1814537e-001,2.7944017e-001,1.4331024e+000,5.7762568e-001,-8.6315756e-001,-1.7390145e-001,-8.5052083e-001,-6.4473098e-001,-3.8631187e-001,8.0630752e-002,-7.3228749e-001,3.4287263e-001,-7.6088303e-002,-1.1831388e+000,-3.9094458e-001,-1.4866593e+000
-1.6395635e+000,-1.1304926e+000,-1.5146850e+000,-1.2268612e+000,-9.9681926e-001,1.5472713e+000,6.7601411e-002,-4.7223892e-001,1.4621093e+000,2.6894986e-001,1.7181546e+000,-7.1172404e-001,-6.1027837e-001,5.7130872e-001,1.2625532e-001,1.1090496e+000,1.8379981e-001,-1.1988539e+000,-6.8394049e-001,-1.2901561e+000,-1.6023104e+000,9.3215546e-001,2.9096490e-001,-4.6679448e-001,8.5852242e-001,-2.3420022e-001
9.9883847e-001,1.2283431e+000,6.7854308e-001,2.9024600e-001,8.8340678e-001,-1.4582043e+000,1.2425749e+000,-4.3107720e-001,-1.3734959e+000,-6.4399462e-002,7.1736648e-001,-3.9404179e-001,1.0372830e+000,1.2504622e+000,1.1195588e+000,8.5779364e-002,-1.6954769e+000,-7.0262409e-002,1.0626122e+000,1.3968283e+000,3.8298253e-001,4.1102066e-001,1.1475171e-001,-4.0693608e-002,-1.4680447e+000,-1.1060255e+000
-5.7791615e-001,-2.6427902e-001,4.7032126e-001,9.1243996e-001,-3.1768587e-001,5.8282155e-001,1.2003346e+000,-3.8961280e-001,-5.0677295e-001,-8.0696270e-001,1.6454188e+000,-1.2157599e+000,-1.2657373e+000,-3.6185607e-001,2.8753089e-001,9.8180752e-001,4.8218328e-001,1.3815865e+000,7.7261917e-001,5.2269303e-001,6.1398175e-001,7.3993329e-003,2.3458978e-001,-1.5330173e+000,-1.4036299e+000,9.1858371e-001
6.2443143e-001,8.7960405e-001,1.8161799e+000,1.5956160e+000,1.6552758e+000,1.0494226e+000,-2.0760377e-002,-9.9197353e-001,1.1417508e+000,-1.0417179e+000,1.6677661e+000,-5.9610260e-001,8.1992278e-001,-9.6712876e-001,-1.8608761e+000,-1.0847327e+000,-1.5565044e+000,-6.0261627e-001,-1.0888971e+000,1.0216190e+000,9.2290405e-001,-1.1616906e+000,3.4886947e-001,-4.6527887e-001,-2.9035131e-002,-8.1272976e-001
2.9558114e-001,7.4576448e-001,1.5618468e+000,6.8520172e-001,1.0376195e+000,8.9861346e-001,-1.5652752e+000,-2.1836524e-001,1.5934239e+000,3.3301649e-001,-4.3350536e-001,-3.0952639e-001,2.2748502e-001,-1.7820361e+000,3.9722564e-001,-5.4327931e-001,-2.9237292e-001,7.3614218e-001,6.8444378e-001,1.5005667e+000,9.1075245e-001,8.8417932e-001,1.3071566e+000,8.7958285e-001,1.5400423e-001,-1.2115911e+000
9.3199952e-002,4.8097261e-001,-4.3884494e-001,-1.1885908e+000,-5.6617850e-001,-1.7798054e+000,-6.6412738e-001,2.7552704e-001,-1.1561609e-002,-8.5091491e-001,-1.2814811e+000,-1.3600701e+000,-1.3623287e+000,-9.9306821e-001,1.1073827e+000,5.2877626e-001,3.2164287e-001,-3.9747652e-001,-1.1194297e+000,6.7435165e-001,-1.6624908e+000,1.4163158e+000,-1.7012584e+000,1.3053427e+000,1.7800378e-001,-6.3001105e-001
3.3072932e-001,6.9331911e-001,-7.7692670e-001,-7.3825379e-001,-6.9702295e-001,2.3761860e-001,-1.2644908e+000,-1.8360493e-001,4.0332163e-001,-4.5836225e-001,-1.1034758e+000,-1.3104200e+000,2.6466832e-001,-1.0356431e+000,4.0076651e-002,1.2740426e+000,1.6913326e+000,8.6207193e-001,1.4234959e+000,-1.2370748e+000,-7.1179340e-001,-4.7739890e-001,1.2240851e+000,-1.4596182e+000,-5.8792766e-002,-1.7500884e+000
7.7927700e-002,7.8567670e-001,-9.7378115e-001,-1.1797576e+000,-1.0853031e+000,4.8500322e-001,-1.3997808e+000,-3.4643259e-001,-6.2403862e-002,-5.3259422e-001,-1.3970272e+000,-8.7416804e-001,-1.0405220e+000,-8.4202473e-001,9.4136869e-001,1.4050103e+000,-1.1292959e+000,1.5448594e+000,1.3405666e+000,1.1917930e+000,-5.0334322e-001,-1.1799984e+000,-4.6523580e-001,-1.6546101e+000,-3.5055912e-001,-1.5709442e+000
-1.9688946e+000,-1.4680989e+000,-3.1267619e-001,1.3976304e+000,-8.9236953e-001,1.1993078e+000,7.4978403e-001,1.8661159e+000,-5.2252167e-001,8.8889680e-001,-1.1742751e+000,1.0702553e+000,-3.1494479e-002,-1.1937263e+000,2.2907089e-001,-8.9145952e-001,1.3051185e-002,1.6563082e+000,1.7414486e+000,2.7094839e-001,-1.5788993e+000,9.3722562e-001,-4.0041595e-001,1.5539225e+000,4.1952901e-001,-1.1890777e-001
5.8605364e-001,-3.8856297e-001,6.2257995e-001,1.7260370e+000,2.3093976e-001,-3.8223605e-001,-5.4520721e-001,5.0351452e-001,2.3133335e-001,-8.0857377e-001,-1.0133900e+000,-8.0965805e-001,1.3634056e+000,-1.1095317e-001,1.3445358e+000,-1.9009048e+000,-2.8150684e-001,1.6602212e+000,-7.6300786e-001,-1.1215701e+000,-5.8937789e-001,-3.7147560e-002,3.1241969e-001,-8.5830286e-001,1.9467661e+000,1.4618260e+000
-7.7477949e-002,5.3155500e-002,1.2237672e+000,1.5533054e+000,6.1289705e-001,1.0435176e+000,-1.0517125e+000,1.1998453e+000,1.0527163e+000,1.0763897e+000,2.7479820e-002,-5.8855001e-001,-1.5157910e+000,-6.8819587e-001,7.2981789e-001,1.0842040e+000,-1.3942179e+000,4.4942740e-001,5.7980324e-003,5.0034260e-001,-1.2886771e+000,5.0251204e-001,1.5445859e+000,-1.3140208e-001,1.2489621e+000,1.4541057e+000
-3.1169730e-001,-4.0545975e-001,-3.5839610e-001,-1.0940841e+000,-3.1767868e-001,-1.5759724e-001,4.3639978e-001,-7.5801014e-001,-1.0402198e+000,1.3141493e+000,1.4592152e+000,-1.2739444e+000,-5.7443494e-001,9.1422090e-001,1.2887969e+000,1.4719358e+000,-4.2791464e-001,1.5448468e+000,-1.5509806e+000,-1.6701649e-001,-7.2167794e-001,-1.5582296e+000,1.1097893e+000,-3.2521804e-001,-2.3913467e-003,5.0033891e-001
-1.4130694e+000,-1.0083490e+000,-6.3352272e-001,-5.0550924e-001,-6.9974751e-001,1.0439845e+000,1.1689034e-001,-1.3112712e+000,-7.8976191e-001,1.7401793e+000,2.3546128e-001,1.7269588e+000,1.5855709e+000,5.7503347e-001,5.4120174e-001,-8.4756582e-001,-3.1690770e-001,-1.3416563e+000,1.4616554e+000,-1.2176960e+000,1.2668156e+000,8.4330076e-001,1.4773565e+000,9.8761096e-002,9.7201045e-001,-1.2663484e-001
1.6245133e+000,1.0652178e+000,-8.8565349e-001,-1.1861973e+000,-5.1661597e-001,-1.0186344e+000,-2.8096171e-001,7.8850397e-001,1.2635124e+000,-7.4394151e-001,1.6769999e+000,1.6362660e-003,-8.8642543e-001,8.8409604e-002,2.7529510e-001,-1.8288038e+000,2.3405476e-001,-9.0339809e-001,7.7916820e-001,-7.6206790e-001,7.6596933e-001,5.1539694e-001,-4.8241964e-001,-6.0995481e-001,-1.1962544e+000,-4.6566277e-001
-1.1128391e+000,-1.0590534e+000,-1.8589478e-001,1.5711955e+000,-4.1469584e-001,-1.6265266e+000,-7.5241951e-001,-1.4233499e+000,-8.1328517e-001,-1.5844482e-001,-3.1693647e-001,-8.0947215e-001,1.5133116e+000,9.6010655e-001,-9.3169988e-001,-1.7790717e+000,6.5103335e-001,-2.3953037e-001,7.3029326e-001,8.3155513e-001,-1.0996860e+000,-1.4922858e+000,-4.7473480e-002,-1.2809705e-001,1.5013624e-001,6.5656526e-001
6.5644249e-001,1.1531957e+000,1.1974889e+000,1.9285484e-001,7.8652295e-001,1.3327816e-002,4.0062951e-001,-1.4909083e-001,-8.8024849e-001,-1.4226756e+000,-1.2577132e+000,6.8141236e-001,-8.6681066e-001,1.2202467e+000,-8.4154352e-001,3.1188794e-001,1.1859882e+000,-1.6768906e-002,-1.2281613e+000,-3.7092945e-001,1.4379509e+000,1.8870503e+000,-1.3675742e+000,1.7506175e-001,1.5984921e+000,-1.5878749e+000
1.1586512e+000,1.6460668e+000,-8.6090720e-001,-7.4124642e-001,-5.3469476e-001,-1.3825064e-001,1.6574923e-002,9.3908307e-002,5.5828183e-001,1.0272992e+000,-3.0830068e-002,4.3487518e-001,-7.3713680e-001,-8.4441526e-001,-9.3505281e-001,8.6997726e-001,-1.4423936e+000,-1.0864403e+000,-6.7273236e-001,1.3388076e+000,-9.6841702e-001,-1.0526064e+000,5.5836634e-001,-9.2859693e-002,1.5163705e+000,3.7278233e-001
-1.2617004e+000,-1.0337198e+000,-7.6961111e-001,1.7034737e+000,-6.0531266e-001,-1.3310992e-001,-6.8155347e-001,4.7912171e-001,-2.1761783e-001,-1.1585925e-001,4.4079596e-001,-1.5629131e+000,6.3129027e-001,6.7678881e-001,6.9807524e-001,-1.0508142e+000,-1.1826173e+000,-2.8251081e-001,-1.0991559e-001,8.5013093e-001,-1.1614048e+000,-5.4586378e-001,-1.7240238e-001,-1.6808112e+000,1.2474718e+000,7.9461849e-001
3.1612653e-001,-1.8903618e-001,-2.6181538e-001,5.5190558e-001,-6.0886904e-001,3.1038539e-002,-1.1013016e+000,-7.2833004e-001,8.5105957e-002,-1.0418027e+000,1.4884010e-001,1.6473411e+000,-1.0618652e-001,1.4533442e+000,6.8207470e-001,-1.4931705e+000,-6.1379735e-001,-3.4336125e-001,1.0837379e+000,1.6642582e+000,1.5438730e-001,3.3443907e-001,1.2228967e+000,-9.5694163e-001,-1.7418227e+000,6.3875516e-001
-1.8524728e+000,-1.0697099e+000,-1.1503155e+000,1.6786647e+000,-7.1739547e-001,5.4258671e-001,1.7964069e+000,8.0697036e-001,-6.0557105e-001,-2.9887412e-001,1.5153809e-001,1.2965037e+000,6.3066390e-002,1.0717542e+000,-1.1964501e+000,1.4623344e+000,1.9100441e-001,-3.8677970e-001,-7.2050622e-001,-7.1600872e-001,9.4174378e-001,-9.2768879e-001,-6.1850467e-001,-5.8347601e-001,-1.0495648e+000,6.9001639e-001
-8.2191424e-001,-1.5361658e+000,-1.2677511e+000,8.9062192e-002,-1.0380155e+000,4.8418396e-001,-1.5232767e+000,3.2545329e-001,1.0713648e+000,-1.5819600e+000,6.5924700e-002,1.2977925e+000,8.9021814e-001,-4.3783233e-001,6.8831022e-001,1.4209012e+000,1.4981584e+000,6.8162132e-001,-1.0632347e+000,-1.6243056e-001,-9.1611996e-001,1.7348589e-001,4.1062737e-001,4.9857752e-001,-7.9036029e-001,-3.1807524e-001
-1.8188431e+000,-1.3302513e+000,-1.4680466e+000,-1.2379614e+000,-7.6027808e-001,-3.8769558e-001,4.7729783e-001,1.2221244e+000,1.2398918e+000,1.1387518e+000,9.6852209e-001,7.2235615e-001,-1.6747630e+000,1.3020045e+000,1.2646289e+000,1.9693423e-001,-1.5741255e+000,-9.8844207e-001,2.3702686e-001,-6.3744121e-001,8.2866040e-001,2.8582640e-001,-1.2731647e+000,-1.6623816e+000,-1.7745968e+000,-4.9204081e-001
1.5443747e+000,1.5413324e+000,1.7152250e+000,-9.7306094e-003,2.0399280e+000,9.7990819e-001,-7.9004605e-001,5.6786009e-001,6.0827851e-001,-8.4223422e-001,-1.0272144e+000,1.0683685e+000,-7.4364132e-001,1.7789220e+000,-2.1289964e-002,-1.6988890e-001,1.3787531e-001,1.1062621e+000,-1.0827147e+000,-7.2286863e-001,3.2513342e-001,-6.4023472e-002,1.0085717e+000,1.6794831e+000,6.3265903e-001,1.5231971e+000
1.6049582e+000,1.4079847e+000,1.7339810e-001,-5.5569887e-001,1.5633721e-001,1.2324161e+000,5.3667831e-001,1.1607842e+000,2.5807478e-001,7.7748849e-001,-1.5397198e+000,5.3735561e-001,-1.7935735e+000,7.2387883e-001,9.6461624e-001,-3.2503184e-002,-1.5330178e+000,-1.1835177e+000,-1.1700420e+000,-1.1430936e+000,1.0844907e+000,-2.9908588e-001,-1.4286151e+000,6.5866003e-001,-9.9006218e-001,3.2930905e-001
3.8553437e-004,-1.0955531e-001,-7.2909707e-001,-1.2068997e+000,-7.9546599e-001,-1.2642788e-001,3.0770730e-002,9.6592979e-001,9.0980278e-001,-9.2837048e-001,5.2498828e-001,1.5448143e+000,9.2528831e-001,1.0723463e+000,-1.8400193e+000,-1.3465118e-001,3.5312638e-001,-4.4265255e-001,1.5289104e+000,-6.6235561e-001,-9.6505646e-001,5.3004456e-002,-5.8156081e-001,1.6380110e+000,1.0485573e+000,8.4995437e-002
7.1319820e-001,1.4103270e+000,1.9140173e+000,1.3436125e+000,1.8687785e+000,-9.8136765e-002,-3.1005214e-001,1.3770714e+000,-1.4862567e+000,1.0066122e+000,1.5656661e+000,8.2189924e-001,8.6703054e-001,3.0888094e-001,-1.0556030e+000,8.1624329e-001,-2.8556574e-001,-9.0878863e-001,1.1856856e+000,-2.5774046e-001,3.8424903e-001,1.4884927e+000,-8.6946575e-001,1.1931807e+000,-2.6876697e-001,-4.8730788e-001
1.1425451e+000,6.1040636e-001,2.2331438e+000,1.3589478e+000,2.6381516e+000,3.6521792e-001,1.2183307e+000,-1.2977948e+000,-1.2821603e-002,1.1454770e+000,1.4587737e+000,-4.6582690e-001,1.7685937e+000,-1.4748767e+000,3.0971399e-001,-5.2547577e-001,-3.0467535e-001,-1.2381799e+000,-6.5387306e-001,-1.3137690e+000,1.7065646e+000,-1.1451754e+000,5.1509023e-001,-5.5886968e-001,-7.1877353e-001,-7.7596179e-001
4.5948350e-001,1.2542404e+000,7.2106534e-001,-1.5297815e-002,3.7455565e-001,-1.1336976e+000,-1.1543002e+000,-8.2590051e-001,-1.2033211e-001,-5.4469577e-001,-6.8988994e-001,-1.1392914e+000,1.2447976e+000,4.2431956e-001,1.0092675e+000,9.2317165e-001,1.6575145e+000,-9.9427855e-001,1.1608669e+000,-1.0591118e-001,4.4137869e-002,-8.8922212e-001,6.5821348e-001,6.3411102e-001,-1.2747506e+000,-2.1360698e+000
1.2976134e+000,1.4772501e+000,2.4827593e+000,8.0684670e-001,2.9589227e+000,-2.1587892e-001,-8.2041330e-001,7.0559127e-001,3.9181407e-001,-2.7947501e-001,7.4317586e-001,-1.3812028e+000,8.8030117e-001,3.0799668e-001,8.0530447e-001,1.4780187e+000,-1.2942680e+000,1.6018735e+000,1.1024848e+000,6.3719682e-001,8.0907506e-001,-4.4923965e-001,-1.4044593e+000,-1.5829110e+000,-1.2436304e-001,2.1931197e+000
1.3180184e+000,1.3128018e+000,9.6908666e-001,2.0305885e-001,1.6607390e+000,1.1921352e+000,-7.2708428e-001,1.5404112e-001,1.5212759e+000,-4.2861932e-001,-5.0638240e-001,1.0464639e+000,1.4260612e+000,-8.8392986e-001,-5.3675924e-001,-1.0724498e-001,6.3121847e-001,1.3522142e+000,1.5241249e+000,2.1163330e-001,-2.3329826e-001,-1.2450064e+000,-8.2439672e-001,1.0165074e+000,-4.5594498e-001,5.9644087e-001
9.2600564e-001,1.6846363e+000,1.5012346e+000,4.2537376e-001,1.5948818e+000,1.1035034e+000,1.1530276e+000,1.2029439e+000,9.0966954e-001,8.4427311e-001,-7.5218308e-002,-7.0603825e-001,-5.1626836e-001,6.2293262e-001,1.0959890e+000,1.5568317e+000,-5.3764511e-001,8.4888702e-001,-3.4603532e-002,1.4466379e+000,-1.4102857e+000,-2.3097360e-001,1.4598399e+000,1.0630938e+000,1.7130249e+000,7.1139647e-001
3.4780278e-001,-4.8771106e-002,-1.1088350e+000,-1.1080987e+000,-1.0673428e+000,-1.7117721e+000,9.8221135e-001,-3.5132337e-001,1.5759313e+000,1.1694972e+000,-4.5074689e-001,-1.2131215e+000,-8.4726875e-001,5.1743761e-001,1.3748712e+000,-1.3728798e+000,1.2179341e+000,2.2332410e-001,-1.5864857e-002,8.7818278e-001,1.2655359e+000,1.0416753e+000,-3.6116910e-002,7.5025542e-001,-7.9958435e-001,-6.5401655e-002
-7.3779694e-001,-6.3335643e-001,-6.5712994e-001,-8.1261407e-001,-5.4111944e-001,8.0238675e-001,1.1142454e+000,-1.4589715e+000,-8.5746858e-001,1.1731986e+000,-8.4429551e-001,1.2821160e-001,8.1072595e-001,-9.3613483e-001,1.3724407e+000,-1.2988565e+000,-1.3847656e+000,-5.3264124e-001,8.0680884e-001,4.8005653e-001,-1.0682093e+000,1.5384029e+000,1.2903471e+000,9.8105733e-001,1.7700194e-001,3.7689886e-001
3.2335911e-001,-4.2516647e-001,5.0370034e-001,1.4860621e+000,1.2375715e-001,-5.8967441e-003,8.0145698e-001,-1.2633851e+000,-1.8439776e-001,1.0738626e+000,1.0704231e+000,1.2614868e+000,-1.0305448e+000,-1.4558359e-001,-1.6126767e+000,-1.6355623e+000,-5.4420047e-001,5.7947835e-002,-1.4036674e+000,-8.3060791e-001,-5.9612545e-001,-2.9296501e-001,-5.8310566e-001,1.3403863e+000,1.1039356e+000,1.4872262e+000
1.3452486e-001,1.3231415e-001,-8.8278527e-001,-6.2806840e-001,-8.8620718e-001,-4.1034715e-001,-6.9760912e-002,-6.8332223e-001,6.1655268e-001,1.8907512e-001,-1.1286512e+000,-4.1389651e-001,-8.1073197e-001,-1.1571832e+000,4.0238543e-001,1.2763323e+000,1.2985525e+000,-1.3453713e+000,-3.4184636e-001,-2.0076838e-001,-2.8929639e-001,-1.7144236e-001,-3.7838340e-001,7.4881172e-001,1.1041178e+000,1.6394615e-001
5.0163236e-001,4.4785529e-001,1.2643618e+000,1.7298745e+000,1.2579378e+000,4.8115118e-001,1.4519538e+000,-1.3769915e+000,5.0056424e-001,-1.4985039e+000,1.1761438e+000,9.2768469e-001,4.9866974e-001,-4.9923852e-001,7.1040858e-001,-1.3390993e+000,3.0287855e-001,-5.2400144e-001,-7.6839203e-001,-3.0100500e-001,1.1369930e+000,6.3950317e-001,2.4846483e-001,1.6648132e+000,8.1495461e-001,-5.4924044e-002
-1.2683911e+000,-1.1223082e+000,-9.1962896e-001,-9.3330728e-001,-8.7980665e-001,-1.8297265e+000,-1.6997221e+000,1.2093006e+000,-4.0133477e-001,5.5387848e-001,9.4452514e-001,6.6083698e-001,-9.1490965e-001,-5.7552552e-001,-1.3829854e+000,1.1913134e+000,-2.4485340e-001,9.7898310e-001,4.3696065e-001,-1.3682228e+000,1.2032248e+000,-8.5770960e-001,1.5764540e+000,1.3629530e+000,9.3774176e-001,-5.3308737e-001
9.0696781e-002,-5.3327450e-001,-5.8283960e-001,-1.0190271e+000,-7.2593799e-001,1.1339563e+000,-1.0690948e+000,-9.5521303e-001,-1.3495355e+000,-7.1386518e-001,-2.5297038e-001,-1.3746466e+000,-1.7621808e-001,1.1705650e-002,-1.2320293e+000,5.1273033e-001,-1.9216074e-001,-8.8420355e-001,1.9614834e+000,4.5926881e-002,1.2464141e+000,-8.5764458e-001,-1.9546786e-001,-1.5809039e+000,1.3287097e+000,5.7931622e-001
-1.4126559e+000,-1.3746775e+000,-1.2154547e+000,-3.9755164e-001,-1.0167778e+000,1.2892741e+000,-4.3928887e-002,1.4990782e+000,-8.5408174e-001,-1.4362307e+000,-1.3975967e+000,-1.2139100e+000,-6.2590801e-001,1.2286116e+000,-2.7975801e-001,3.3955104e-002,-1.3731895e+000,-2.1857076e-001,-5.4966937e-001,1.0352458e+000,-7.5350977e-001,-1.1685466e+000,-9.4942007e-001,6.5270104e-001,-1.6397158e+000,-5.0264568e-001
3.7947527e-002,-5.5147951e-001,7.0260385e-001,1.6592016e+000,2.5703547e-001,-8.0333006e-001,4.2504669e-001,-1.3977202e+000,-1.1748304e+000,9.1312899e-001,-5.5107998e-001,-5.2213529e-001,-4.8276199e-001,-1.2451798e+000,3.2451895e-001,-6.6647126e-001,5.5215378e-001,-7.9457204e-001,9.0350787e-003,-8.2921213e-001,-3.2005171e-001,1.7609806e+000,8.1271566e-001,6.1915613e-001,-3.8293870e-001,1.7177242e+000
-1.9653004e+000,-1.4798923e+000,-8.2821062e-001,1.0657849e+000,-1.0949568e+000,-1.1129701e+000,-1.4775739e+000,1.5953395e+000,-1.2918397e+000,-7.7344369e-001,5.3818694e-001,4.5791037e-001,-1.1178490e+000,2.9155126e-001,-1.1551988e+000,9.0862837e-001,-1.2936243e+000,7.7695426e-001,6.6319473e-001,4.8493696e-001,1.4738365e+000,6.1470327e-001,2.9376731e-001,1.5572482e+000,-1.1900159e+000,1.0349857e-001
1.6145736e+000,1.6204246e+000,-4.9413553e-001,-8.7846711e-001,-1.0410316e-001,7.7754680e-001,-1.0731947e+000,-1.1376825e-001,1.3096558e+000,1.5688030e+000,-1.3212043e+000,2.1017944e-001,3.2920428e-001,8.1859103e-001,1.3700234e+000,7.6898898e-001,-9.1368564e-001,-1.1181681e+000,1.8666067e+000,-1.3658873e+000,-1.1303361e+000,-1.2004802e+000,-1.3607476e+000,-5.6537834e-001,1.5446923e+000,7.8042711e-001
-9.8782166e-001,-1.3886565e+000,-5.9543277e-001,-1.1006787e+000,-5.3520419e-001,-1.5296107e+000,-1.0640168e+000,1.1992821e+000,8.4849289e-001,1.1826076e+000,-1.0019106e+000,2.5797596e-001,-1.2919318e+000,1.4327043e+000,-9.5874024e-001,-5.1254666e-001,1.3691607e+000,5.0356003e-001,-1.0146713e+000,1.0986100e-002,-8.7383317e-001,1.2352312e+000,1.4384049e-001,4.6941586e-001,8.1904907e-001,-8.6369603e-001
6.1495226e-001,1.7471228e-001,1.4406729e-001,1.8814368e-001,-8.3412820e-002,4.0061188e-001,-1.0006348e+000,-1.1701571e+000,1.5171709e+000,5.5378273e-001,4.9031194e-001,5.2883227e-001,1.0063024e-001,4.6395842e-001,-1.3271010e+000,-1.0504175e+000,1.7550334e-001,7.3666562e-001,-1.3012668e+000,-1.0652737e+000,1.2876781e+000,-1.8076591e-001,-7.0237916e-001,-1.5454840e-001,6.9756991e-001,-7.5195620e-001
-6.8930613e-001,-7.8409338e-001,-6.1443752e-001,-5.1779962e-002,-6.5900379e-001,-5.0029280e-001,-3.4711905e-001,-6.8692110e-001,9.2380157e-001,-2.8914595e-001,-8.7447405e-001,1.2816857e+000,1.1881889e+000,-4.4307638e-001,1.1874847e+000,-4.1198470e-002,7.3476956e-001,-1.0731064e+000,4.8300207e-001,-1.6237634e-001,-1.4061861e+000,-9.4326063e-001,-8.6121416e-001,1.1830642e+000,-9.1798594e-001,4.1605928e-001
8.1671008e-002,4.7790397e-001,7.5963024e-001,-1.4517943e-001,4.5260744e-001,1.5193374e+000,-6.5446951e-001,4.6984984e-001,1.4123754e+000,7.7323675e-002,1.4070936e+000,1.5281105e+000,7.0291856e-001,8.4603503e-001,-4.1112585e-001,3.3246889e-001,3.3880669e-001,5.7676037e-001,9.1386934e-001,5.9067108e-001,2.1516688e-002,1.4507604e+000,1.4805318e+000,5.8550680e-001,1.3075156e-001,-2.7582429e-001
1.5195045e+000,1.1437080e+000,7.4719030e-001,7.8162258e-002,1.3019038e+000,-7.5747116e-001,1.4532880e+000,9.5737974e-001,-1.1987423e+000,-6.7090884e-001,-3.2394463e-001,1.1250668e-001,-3.6052406e-001,-1.2472179e-001,4.7268665e-001,-8.9507679e-001,1.2060914e+000,1.1656097e+000,6.5462626e-001,1.4225660e-001,9.6811537e-001,-8.0036496e-001,-1.2104452e+000,-3.8425845e-001,-5.7109604e-002,4.1861202e-001
6.0108690e-001,4.5526621e-001,9.2790424e-001,5.4496956e-001,7.5878707e-001,8.9754370e-001,8.8985046e-001,-1.0795242e+000,1.0364069e+000,-1.4869879e+000,1.0612093e+000,-1.6278144e+000,1.1113984e+000,7.8466051e-001,-1.8150716e+000,-4.5459145e-001,-1.3289621e+000,1.3147265e+000,-1.2929284e+000,-1.3894140e+000,-6.0510163e-001,-1.0410677e+000,-1.5637014e+000,-1.4532262e+000,-4.1649356e-001,-8.8758449e-001
-1.5097542e+000,-1.3709787e+000,-1.1977747e+000,-1.4903426e+000,-9.2925549e-001,7.5900222e-001,-1.1372951e+000,-1.2214830e-001,1.7056502e-002,5.5403926e-001,1.3713597e-001,6.4359346e-001,-5.7784567e-002,4.9367685e-001,-1.2182540e+000,3.0252214e-001,-8.2745110e-001,1.3615839e+000,1.0981154e+000,1.5478375e+000,-9.1219211e-001,-6.0798461e-001,8.9929939e-001,8.4996023e-001,5.9176170e-001,-9.2367583e-001
6.5962083e-001,1.7930181e-001,6.7124007e-001,1.0649357e+000,5.0541270e-001,-1.5618023e+000,6.5198637e-001,1.0094173e+000,-1.0113607e+000,-1.3717445e+000,-1.2413472e+000,-5.2646907e-001,-1.7109773e+000,3.5682400e-001,1.3118843e+000,2.6598678e-001,-3.5682665e-001,-9.7940305e-001,1.0219363e+000,-9.1548444e-001,1.6100823e+000,1.8504422e+000,1.0434167e+000,-9.0623563e-001,5.8340078e-001,-2.0375015e-001
-1.4803071e+000,-1.1922401e+000,-6.0649661e-001,-1.5285816e+000,-8.2513747e-001,1.1184921e+000,3.6776800e-001,1.9529134e+000,-4.9950504e-001,-1.1852255e+000,-1.4010265e+000,-5.5848602e-001,-5.9448378e-001,-1.7064076e+000,4.0737142e-001,1.4562584e+000,-1.5641234e+000,-6.6728865e-001,-1.3761478e+000,1.1864559e+000,1.0961666e+000,7.4312402e-001,-1.4145375e+000,-1.6188650e+000,1.2059066e+000,-9.9262090e-001
1.7058345e+000,1.4336312e+000,1.9676680e+000,7.4980128e-001,2.9026004e+000,-1.5754098e+000,-1.3806906e+000,-1.2343995e+000,-3.8702073e-001,-2.5656084e-001,1.0239300e+000,7.0581872e-001,-3.7227480e-004,7.4701546e-001,4.6720985e-001,-5.9476520e-001,1.7264789e+000,1.1963712e-001,-4.0042506e-001,1.6297518e+000,-8.3001900e-001,-1.0856946e+000,-1.8753893e-001,9.9307153e-001,1.3723969e+000,2.4451035e+000
2.1333083e-001,-2.5521903e-001,-1.9596583e-001,4.3941293e-001,-2.6216373e-001,-3.9231372e-001,9.9315040e-001,-1.0441651e+000,-1.5225520e+000,-9.5936773e-001,-1.1068960e+000,-8.2394448e-001,9.4494775e-001,-9.0342267e-001,1.6346601e-001,-1.2290750e+000,1.3270710e+000,9.5364292e-001,4.2675239e-001,4.6200448e-002,-1.3392992e+000,1.9291620e+000,4.2472869e-001,-8.8913553e-001,1.5289603e+000,9.1466580e-001
-8.2809243e-001,-8.0710140e-001,-7.5628254e-001,9.5032078e-001,-4.4322163e-001,6.2263344e-002,-3.9079094e-001,-1.0672331e+000,-5.7473022e-001,-1.2699401e+000,-1.1636813e+000,-5.7497079e-001,-9.4561787e-001,6.4958257e-001,8.7529773e-001,-4.5192421e-001,1.1518957e+000,-1.2284461e+000,-8.2658583e-001,1.4146913e+000,-5.2378890e-001,-1.4841288e+000,-1.3816380e+000,-8.8873595e-001,-4.7656177e-001,1.0550745e+000
7.2960055e-001,-4.4758701e-002,-5.2123204e-001,1.6063747e-001,-4.7745676e-001,1.5918789e-001,1.3382877e+000,-1.5645613e-001,-3.6608283e-001,5.2514716e-001,8.2186082e-001,1.2210073e+000,-5.0204776e-001,1.4638505e+000,1.2337312e+000,9.0566008e-001,7.1765404e-001,-6.5327061e-001,-2.9609442e-001,-1.5358843e+000,-8.8168215e-001,1.8123732e-001,-4.2215697e-001,-6.9900903e-001,-3.2766521e-001,2.9017385e-002
9.8549255e-001,5.9422300e-001,-3.6576025e-003,-2.8061700e-001,1.8634637e-001,-1.2327393e+000,1.2223933e+000,-7.8673812e-001,-1.2037208e+000,-4.4357388e-001,-8.5190831e-001,1.5534451e+000,-3.6902652e-001,1.5647545e+000,-6.2639011e-001,-1.5069449e-001,1.0517115e+000,1.5156901e+000,4.9295003e-001,-1.0742454e+000,-1.3551705e+000,-9.1584294e-001,-3.3133537e-001,-3.0119900e-001,-5.5068170e-001,-2.1266357e+000
1.6591472e-001,-3.0752897e-001,2.4722518e-001,3.0774363e-001,-5.7992060e-002,1.3320259e+000,2.2686294e-001,-1.4552218e+000,-1.3681458e+000,-1.0188972e+000,5.3696950e-001,1.4682445e+000,-1.8745273e-001,9.8589199e-002,-6.1343746e-002,1.4273626e+000,-9.1247954e-001,1.3903320e+000,1.8563994e+000,4.4676905e-001,5.9242267e-001,-1.3186844e+000,9.7245526e-002,-1.6454466e+000,5.1569707e-001,1.0752998e+000
